46:d4:69:83:18:08,10:43:14
46:d4:69:83:18:08,10:43:14
46:d4:69:83:18:08,10:43:14
46:d4:69:83:18:08,10:43:14
46:d4:69:83:18:08,10:43:14
fe:30:42:0f:66:67,10:43:14
fe:30:42:0f:66:67,10:43:14
fe:30:42:0f:66:67,10:43:14
fe:30:42:0f:66:67,10:43:14
fe:30:42:0f:66:67,10:43:14
4a:14:a2:d4:bd:0c,10:43:14
4a:14:a2:d4:bd:0c,10:43:14
4a:14:a2:d4:bd:0c,10:43:14
4a:14:a2:d4:bd:0c,10:43:14
4a:14:a2:d4:bd:0c,10:43:14
8a:15:a7:1d:da:9d,10:43:14
8a:15:a7:1d:da:9d,10:43:14
8a:15:a7:1d:da:9d,10:43:14
8a:15:a7:1d:da:9d,10:43:14
8a:15:a7:1d:da:9d,10:43:14
32:60:09:d6:0d:e6,10:43:14
32:60:09:d6:0d:e6,10:43:14
32:60:09:d6:0d:e6,10:43:14
32:60:09:d6:0d:e6,10:43:14
32:60:09:d6:0d:e6,10:43:14
26:75:cd:0c:b0:f2,10:43:14
26:75:cd:0c:b0:f2,10:43:14
26:75:cd:0c:b0:f2,10:43:14
26:75:cd:0c:b0:f2,10:43:14
26:75:cd:0c:b0:f2,10:43:14
ce:0e:31:cf:f6:9e,10:43:15
ce:0e:31:cf:f6:9e,10:43:15
ce:0e:31:cf:f6:9e,10:43:15
ce:0e:31:cf:f6:9e,10:43:15
ce:0e:31:cf:f6:9e,10:43:15
3e:f6:fe:3d:eb:07,10:43:15
3e:f6:fe:3d:eb:07,10:43:15
3e:f6:fe:3d:eb:07,10:43:15
3e:f6:fe:3d:eb:07,10:43:15
3e:f6:fe:3d:eb:07,10:43:15
ea:37:1f:4e:2a:31,10:43:15
ea:37:1f:4e:2a:31,10:43:15
ea:37:1f:4e:2a:31,10:43:15
ea:37:1f:4e:2a:31,10:43:15
ea:37:1f:4e:2a:31,10:43:15
aa:d4:85:c5:76:4a,10:43:15
aa:d4:85:c5:76:4a,10:43:15
32:60:09:d6:0d:e6,10:43:15
aa:d4:85:c5:76:4a,10:43:15
aa:d4:85:c5:76:4a,10:43:15
aa:d4:85:c5:76:4a,10:43:15
32:60:09:d6:0d:e6,10:43:15
32:60:09:d6:0d:e6,10:43:15
32:60:09:d6:0d:e6,10:43:15
32:60:09:d6:0d:e6,10:43:15
fe:30:42:0f:66:67,10:43:15
fe:30:42:0f:66:67,10:43:15
fe:30:42:0f:66:67,10:43:15
fe:30:42:0f:66:67,10:43:15
fe:30:42:0f:66:67,10:43:15
3e:f6:fe:3d:eb:07,10:43:15
46:d4:69:83:18:08,10:43:15
3e:f6:fe:3d:eb:07,10:43:15
46:d4:69:83:18:08,10:43:15
3e:f6:fe:3d:eb:07,10:43:15
3e:f6:fe:3d:eb:07,10:43:15
3e:f6:fe:3d:eb:07,10:43:15
46:d4:69:83:18:08,10:43:15
46:d4:69:83:18:08,10:43:15
46:d4:69:83:18:08,10:43:15
8a:15:a7:1d:da:9d,10:43:15
8a:15:a7:1d:da:9d,10:43:15
8a:15:a7:1d:da:9d,10:43:15
8a:15:a7:1d:da:9d,10:43:15
8a:15:a7:1d:da:9d,10:43:15
e2:92:a4:b0:4c:21,10:43:15
e2:92:a4:b0:4c:21,10:43:15
e2:92:a4:b0:4c:21,10:43:15
e2:92:a4:b0:4c:21,10:43:15
e2:92:a4:b0:4c:21,10:43:15
06:0c:d1:b5:e1:77,10:43:15
06:0c:d1:b5:e1:77,10:43:15
06:0c:d1:b5:e1:77,10:43:15
06:0c:d1:b5:e1:77,10:43:15
06:0c:d1:b5:e1:77,10:43:15
06:c6:21:79:20:24,10:43:15
06:c6:21:79:20:24,10:43:15
06:c6:21:79:20:24,10:43:15
06:c6:21:79:20:24,10:43:15
06:c6:21:79:20:24,10:43:15
fe:30:42:0f:66:67,10:43:15
fe:30:42:0f:66:67,10:43:15
fe:30:42:0f:66:67,10:43:15
fe:30:42:0f:66:67,10:43:15
fe:30:42:0f:66:67,10:43:15
ea:37:1f:4e:2a:31,10:43:15
4a:14:a2:d4:bd:0c,10:43:15
4a:14:a2:d4:bd:0c,10:43:15
4a:14:a2:d4:bd:0c,10:43:15
4a:14:a2:d4:bd:0c,10:43:15
4a:14:a2:d4:bd:0c,10:43:15
ea:37:1f:4e:2a:31,10:43:15
ea:37:1f:4e:2a:31,10:43:15
ea:37:1f:4e:2a:31,10:43:15
ea:37:1f:4e:2a:31,10:43:15
8a:15:a7:1d:da:9d,10:43:15
8a:15:a7:1d:da:9d,10:43:15
8a:15:a7:1d:da:9d,10:43:15
8a:15:a7:1d:da:9d,10:43:15
8a:15:a7:1d:da:9d,10:43:15
a2:bb:09:9c:ae:4f,10:43:15
a2:bb:09:9c:ae:4f,10:43:15
a2:bb:09:9c:ae:4f,10:43:15
a2:bb:09:9c:ae:4f,10:43:15
a2:bb:09:9c:ae:4f,10:43:15
3e:f6:fe:3d:eb:07,10:43:15
e2:92:a4:b0:4c:21,10:43:15
3e:f6:fe:3d:eb:07,10:43:15
e2:92:a4:b0:4c:21,10:43:15
32:60:09:d6:0d:e6,10:43:15
3e:f6:fe:3d:eb:07,10:43:15
3e:f6:fe:3d:eb:07,10:43:15
e2:92:a4:b0:4c:21,10:43:15
3e:f6:fe:3d:eb:07,10:43:15
e2:92:a4:b0:4c:21,10:43:15
e2:92:a4:b0:4c:21,10:43:15
32:60:09:d6:0d:e6,10:43:15
32:60:09:d6:0d:e6,10:43:15
32:60:09:d6:0d:e6,10:43:15
32:60:09:d6:0d:e6,10:43:15
da:30:ee:ad:82:14,10:43:15
26:75:cd:0c:b0:f2,10:43:15
da:30:ee:ad:82:14,10:43:15
da:30:ee:ad:82:14,10:43:15
da:30:ee:ad:82:14,10:43:15
da:30:ee:ad:82:14,10:43:15
26:75:cd:0c:b0:f2,10:43:15
26:75:cd:0c:b0:f2,10:43:15
26:75:cd:0c:b0:f2,10:43:15
26:75:cd:0c:b0:f2,10:43:15
06:0c:d1:b5:e1:77,10:43:15
06:0c:d1:b5:e1:77,10:43:15
06:0c:d1:b5:e1:77,10:43:15
06:0c:d1:b5:e1:77,10:43:15
06:0c:d1:b5:e1:77,10:43:15
ea:37:1f:4e:2a:31,10:43:16
ea:37:1f:4e:2a:31,10:43:16
ea:37:1f:4e:2a:31,10:43:16
ea:37:1f:4e:2a:31,10:43:16
ea:37:1f:4e:2a:31,10:43:16
aa:d4:85:c5:76:4a,10:43:16
aa:d4:85:c5:76:4a,10:43:16
aa:d4:85:c5:76:4a,10:43:16
aa:d4:85:c5:76:4a,10:43:16
aa:d4:85:c5:76:4a,10:43:16
4a:14:a2:d4:bd:0c,10:43:16
4a:14:a2:d4:bd:0c,10:43:16
4a:14:a2:d4:bd:0c,10:43:16
4a:14:a2:d4:bd:0c,10:43:16
4a:14:a2:d4:bd:0c,10:43:16
da:30:ee:ad:82:14,10:43:16
da:30:ee:ad:82:14,10:43:16
da:30:ee:ad:82:14,10:43:16
da:30:ee:ad:82:14,10:43:16
da:30:ee:ad:82:14,10:43:16
fe:30:42:0f:66:67,10:43:16
fe:30:42:0f:66:67,10:43:16
fe:30:42:0f:66:67,10:43:16
fe:30:42:0f:66:67,10:43:16
fe:30:42:0f:66:67,10:43:16
ce:0e:31:cf:f6:9e,10:43:16
ce:0e:31:cf:f6:9e,10:43:16
ce:0e:31:cf:f6:9e,10:43:16
ce:0e:31:cf:f6:9e,10:43:16
ce:0e:31:cf:f6:9e,10:43:16
e2:92:a4:b0:4c:21,10:43:16
e2:92:a4:b0:4c:21,10:43:16
e2:92:a4:b0:4c:21,10:43:16
e2:92:a4:b0:4c:21,10:43:16
e2:92:a4:b0:4c:21,10:43:16
32:60:09:d6:0d:e6,10:43:16
32:60:09:d6:0d:e6,10:43:16
32:60:09:d6:0d:e6,10:43:16
32:60:09:d6:0d:e6,10:43:16
32:60:09:d6:0d:e6,10:43:16
26:75:cd:0c:b0:f2,10:43:16
26:75:cd:0c:b0:f2,10:43:16
26:75:cd:0c:b0:f2,10:43:16
26:75:cd:0c:b0:f2,10:43:16
26:75:cd:0c:b0:f2,10:43:16
aa:d4:85:c5:76:4a,10:43:16
aa:d4:85:c5:76:4a,10:43:16
aa:d4:85:c5:76:4a,10:43:16
aa:d4:85:c5:76:4a,10:43:16
aa:d4:85:c5:76:4a,10:43:16
fe:30:42:0f:66:67,10:43:16
fe:30:42:0f:66:67,10:43:16
fe:30:42:0f:66:67,10:43:16
fe:30:42:0f:66:67,10:43:16
fe:30:42:0f:66:67,10:43:16
3e:f6:fe:3d:eb:07,10:43:16
3e:f6:fe:3d:eb:07,10:43:16
3e:f6:fe:3d:eb:07,10:43:16
3e:f6:fe:3d:eb:07,10:43:16
3e:f6:fe:3d:eb:07,10:43:16
ea:37:1f:4e:2a:31,10:43:16
ea:37:1f:4e:2a:31,10:43:16
ea:37:1f:4e:2a:31,10:43:16
ea:37:1f:4e:2a:31,10:43:16
ea:37:1f:4e:2a:31,10:43:16
e2:92:a4:b0:4c:21,10:43:17
e2:92:a4:b0:4c:21,10:43:17
e2:92:a4:b0:4c:21,10:43:17
e2:92:a4:b0:4c:21,10:43:17
e2:92:a4:b0:4c:21,10:43:17
06:c6:21:79:20:24,10:43:17
06:c6:21:79:20:24,10:43:17
06:c6:21:79:20:24,10:43:17
06:c6:21:79:20:24,10:43:17
06:c6:21:79:20:24,10:43:17
ce:0e:31:cf:f6:9e,10:43:17
ce:0e:31:cf:f6:9e,10:43:17
ce:0e:31:cf:f6:9e,10:43:17
ce:0e:31:cf:f6:9e,10:43:17
ce:0e:31:cf:f6:9e,10:43:17
da:30:ee:ad:82:14,10:43:17
da:30:ee:ad:82:14,10:43:17
da:30:ee:ad:82:14,10:43:17
da:30:ee:ad:82:14,10:43:17
da:30:ee:ad:82:14,10:43:17
3e:f6:fe:3d:eb:07,10:43:17
3e:f6:fe:3d:eb:07,10:43:17
3e:f6:fe:3d:eb:07,10:43:17
3e:f6:fe:3d:eb:07,10:43:17
3e:f6:fe:3d:eb:07,10:43:17
ce:0e:31:cf:f6:9e,10:43:17
46:d4:69:83:18:08,10:43:17
ce:0e:31:cf:f6:9e,10:43:17
46:d4:69:83:18:08,10:43:17
ce:0e:31:cf:f6:9e,10:43:17
46:d4:69:83:18:08,10:43:17
ce:0e:31:cf:f6:9e,10:43:17
46:d4:69:83:18:08,10:43:17
ce:0e:31:cf:f6:9e,10:43:17
46:d4:69:83:18:08,10:43:17
32:60:09:d6:0d:e6,10:43:17
32:60:09:d6:0d:e6,10:43:17
32:60:09:d6:0d:e6,10:43:17
32:60:09:d6:0d:e6,10:43:17
32:60:09:d6:0d:e6,10:43:17
46:d4:69:83:18:08,10:43:17
46:d4:69:83:18:08,10:43:17
46:d4:69:83:18:08,10:43:17
46:d4:69:83:18:08,10:43:17
46:d4:69:83:18:08,10:43:17
aa:d4:85:c5:76:4a,10:43:17
aa:d4:85:c5:76:4a,10:43:17
aa:d4:85:c5:76:4a,10:43:17
aa:d4:85:c5:76:4a,10:43:17
aa:d4:85:c5:76:4a,10:43:17
46:d4:69:83:18:08,10:43:17
46:d4:69:83:18:08,10:43:17
46:d4:69:83:18:08,10:43:17
46:d4:69:83:18:08,10:43:17
46:d4:69:83:18:08,10:43:17
8a:15:a7:1d:da:9d,10:43:17
8a:15:a7:1d:da:9d,10:43:17
8a:15:a7:1d:da:9d,10:43:17
8a:15:a7:1d:da:9d,10:43:17
8a:15:a7:1d:da:9d,10:43:17
4a:14:a2:d4:bd:0c,10:43:18
4a:14:a2:d4:bd:0c,10:43:18
4a:14:a2:d4:bd:0c,10:43:18
4a:14:a2:d4:bd:0c,10:43:18
4a:14:a2:d4:bd:0c,10:43:18
ce:0e:31:cf:f6:9e,10:43:18
ce:0e:31:cf:f6:9e,10:43:18
ce:0e:31:cf:f6:9e,10:43:18
ce:0e:31:cf:f6:9e,10:43:18
ce:0e:31:cf:f6:9e,10:43:18
e2:92:a4:b0:4c:21,10:43:18
e2:92:a4:b0:4c:21,10:43:18
e2:92:a4:b0:4c:21,10:43:18
e2:92:a4:b0:4c:21,10:43:18
e2:92:a4:b0:4c:21,10:43:18
52:b2:d3:0a:aa:80,10:43:18
52:b2:d3:0a:aa:80,10:43:18
52:b2:d3:0a:aa:80,10:43:18
52:b2:d3:0a:aa:80,10:43:18
52:b2:d3:0a:aa:80,10:43:18
06:c6:21:79:20:24,10:43:18
06:c6:21:79:20:24,10:43:18
06:c6:21:79:20:24,10:43:18
06:c6:21:79:20:24,10:43:18
06:c6:21:79:20:24,10:43:18
ea:37:1f:4e:2a:31,10:43:18
ea:37:1f:4e:2a:31,10:43:18
ea:37:1f:4e:2a:31,10:43:18
ea:37:1f:4e:2a:31,10:43:18
ea:37:1f:4e:2a:31,10:43:18
46:d4:69:83:18:08,10:43:18
46:d4:69:83:18:08,10:43:18
46:d4:69:83:18:08,10:43:18
46:d4:69:83:18:08,10:43:18
46:d4:69:83:18:08,10:43:18
ce:0e:31:cf:f6:9e,10:43:18
ce:0e:31:cf:f6:9e,10:43:18
ce:0e:31:cf:f6:9e,10:43:18
ce:0e:31:cf:f6:9e,10:43:18
ce:0e:31:cf:f6:9e,10:43:18
26:75:cd:0c:b0:f2,10:43:18
26:75:cd:0c:b0:f2,10:43:18
26:75:cd:0c:b0:f2,10:43:18
26:75:cd:0c:b0:f2,10:43:18
26:75:cd:0c:b0:f2,10:43:18
4a:14:a2:d4:bd:0c,10:43:18
4a:14:a2:d4:bd:0c,10:43:18
4a:14:a2:d4:bd:0c,10:43:18
4a:14:a2:d4:bd:0c,10:43:18
4a:14:a2:d4:bd:0c,10:43:18
26:75:cd:0c:b0:f2,10:43:18
26:75:cd:0c:b0:f2,10:43:18
26:75:cd:0c:b0:f2,10:43:18
26:75:cd:0c:b0:f2,10:43:18
26:75:cd:0c:b0:f2,10:43:18
8a:15:a7:1d:da:9d,10:43:18
8a:15:a7:1d:da:9d,10:43:18
8a:15:a7:1d:da:9d,10:43:18
8a:15:a7:1d:da:9d,10:43:18
8a:15:a7:1d:da:9d,10:43:18
da:30:ee:ad:82:14,10:43:19
da:30:ee:ad:82:14,10:43:19
da:30:ee:ad:82:14,10:43:19
da:30:ee:ad:82:14,10:43:19
da:30:ee:ad:82:14,10:43:19
fe:30:42:0f:66:67,10:43:19
fe:30:42:0f:66:67,10:43:19
fe:30:42:0f:66:67,10:43:19
fe:30:42:0f:66:67,10:43:19
fe:30:42:0f:66:67,10:43:19
26:75:cd:0c:b0:f2,10:43:19
26:75:cd:0c:b0:f2,10:43:19
26:75:cd:0c:b0:f2,10:43:19
26:75:cd:0c:b0:f2,10:43:19
26:75:cd:0c:b0:f2,10:43:19
e2:92:a4:b0:4c:21,10:43:19
e2:92:a4:b0:4c:21,10:43:19
e2:92:a4:b0:4c:21,10:43:19
e2:92:a4:b0:4c:21,10:43:19
e2:92:a4:b0:4c:21,10:43:19
46:d4:69:83:18:08,10:43:19
46:d4:69:83:18:08,10:43:19
46:d4:69:83:18:08,10:43:19
46:d4:69:83:18:08,10:43:19
46:d4:69:83:18:08,10:43:19
a2:bb:09:9c:ae:4f,10:43:19
a2:bb:09:9c:ae:4f,10:43:19
a2:bb:09:9c:ae:4f,10:43:19
a2:bb:09:9c:ae:4f,10:43:19
a2:bb:09:9c:ae:4f,10:43:19
da:30:ee:ad:82:14,10:43:19
da:30:ee:ad:82:14,10:43:19
da:30:ee:ad:82:14,10:43:19
da:30:ee:ad:82:14,10:43:19
da:30:ee:ad:82:14,10:43:19
32:60:09:d6:0d:e6,10:43:19
32:60:09:d6:0d:e6,10:43:19
32:60:09:d6:0d:e6,10:43:19
32:60:09:d6:0d:e6,10:43:19
32:60:09:d6:0d:e6,10:43:19
