0,6.666666667,0,0,0
8,61.66666667,24,0,0
18,43.33333333,54,0,0
23.66666667,41.33333333,71,0,0
37.66666667,38.33333333,91,0,0
52.33333333,25,95,0,0
64.33333333,25,103,0,0
69.33333333,23.33333333,92,0,0
72.66666667,13.33333333,70,0,0
76,15,58,0,0
76.33333333,3.333333333,43,0,0
66.33333333,5,39,0,0
60,3.333333333,38,0,0
49.33333333,10,30,0,0
36.66666667,8.333333333,22,0,0
32.66666667,5,20,0,0
27.33333333,5,20,0,0
22,5,20,0,0
20.33333333,0,19,0,0
18.66666667,0,16,0,0
18,0,12,0,0
16.66666667,0,10,0,0
13.66666667,0,5,0,0
11,0,3,0,0
9,0,1,0,0
7,1.666666667,1,0,0
7,0,1,0,0
8.333333333,0,1,0,0
12,1.666666667,2,0,0
18,0,2,0,0
20,0,2,0,0
26,1.666666667,2,0,0
32,0,2,0,0
32,0,2,0,0
42,0,2,0,0
42,0,0,0,0
43,0,1,0,0
47,0,1,0,0
45.66666667,0,1,0,0
46,0,0,0,0
46.66666667,0,0,0,0
39.33333333,0,0,0,0
36.66666667,0,0,0,0
32,0,0,0,0
26,0,0,0,0
22.66666667,0,0,0,0
18.66666667,0,0,0,0
17.33333333,0,0,0,0
16.66666667,0,0,0,0
16,0,0,0,0
17.33333333,0,0,0,0
18.66666667,0,0,0,0
20.66666667,0,0,0,0
19.33333333,0,0,0,0
20.66666667,0,0,0,0
20,0,0,0,0
24,0,0,0,0
27.33333333,0,0,0,0
30.66666667,0,0,0,0
34.66666667,0,0,0,0
38,0,0,0,0
41.33333333,0,0,0,0
35.33333333,0,0,0,0
32.66666667,0,0,0,0
28,0,0,0,0
26.66666667,0,0,0,0
25.33333333,0,0,0,0
20.66666667,0,0,0,0
22,0,0,0,0
20.66666667,0,0,0,0
22,0,0,0,0
24.33333333,0,1,0,0
22.66666667,0,0,0,0
24,0,0,0,0
27.33333333,0,0,0,0
28.66666667,0,0,0,0
30.66666667,0,0,0,0
30.66666667,0,0,0,0
33.33333333,6.666666667,2,0,0
35.33333333,21.66666667,10,0,0
35.33333333,28.33333333,18,0,0
39.66666667,25,27,0,0
41,25,37,0,0
40.66666667,25,50,0,0
39.66666667,28.33333333,65,0,0
37.66666667,21.66666667,67,0,0
38.66666667,31.66666667,70,0,0
35.66666667,13.33333333,73,0,0
35,20,71,0,0
31,13.33333333,63,0,0
28,15,52,0,0
26,8.333333333,48,0,0
21.66666667,8.333333333,35,0,0
19.66666667,15,35,0,0
18.33333333,6.666666667,37,0,0
16,3.333333333,32,0,0
17.66666667,8.333333333,29,0,0
18.33333333,6.666666667,25,0,0
17,3.333333333,25,0,0
16.66666667,1.666666667,18,0,0
17.33333333,0,12,0,0
18,3.333333333,12,0,0
17.66666667,5,13,0,0
17,1.666666667,7,0,0
19,0,5,0,0
22,1.666666667,6,0,0
23.66666667,3.333333333,7,0,0
26,0,6,0,0
28,0,4,0,0
27.66666667,0,3,0,0
28.33333333,0,3,0,0
32,0,4,0,0
28,1.666666667,2,0,0
29.66666667,0,1,0,0
27.66666667,0,1,0,0
31.66666667,0,3,0,0
32.33333333,0,1,0,0
30.33333333,0,1,0,0
31.66666667,0,1,0,0
34,0,0,0,0
34.66666667,0,0,0,0
32.66666667,0,0,0,0
32.66666667,0,0,0,0
36,0,0,0,0
36,0,0,0,0
32.66666667,0,0,0,0
30,0,0,0,0
30.66666667,0,0,0,0
29.33333333,0,0,0,0
26.66666667,0,-2,0,0
23.33333333,0,0,0,0
24,0,0,0,0
26.66666667,0,0,0,0
25,0,1,0,0
21.33333333,0,0,0,0
20.66666667,0,0,0,0
22,0,0,0,0
23.33333333,0,0,0,0
22.66666667,0,0,0,0
22,0,0,0,0
27.33333333,0,0,0,0
29,0,-1,0,0
26.66666667,0,0,0,0
28.33333333,0,-1,0,0
28.33333333,0,-3,0,0
29.33333333,0,0,0,0
27.33333333,0,0,0,0
31.33333333,0,0,0,0
29.33333333,0,0,0,0
27.33333333,0,0,0,0
27.33333333,0,0,0,0
32,0,0,0,0
31,5,1,0,0
31.33333333,10,6,0,0
35,11.66666667,15,0,0
38,5,16,0,0
42.66666667,20,22,0,0
39.66666667,18,31,0,0
42.33333333,10,37,0,0
41.66666667,26.66666667,41,0,0
43.33333333,21.66666667,44,0,0
42.33333333,25.33333333,47,0,0
40.33333333,18.33333333,51,0,0
38,20,50,0,0
37,18.33333333,53,0,0
36,20,56,0,0
31.33333333,8.333333333,52,0,0
28.33333333,17.33333333,49,0,0
26,13.33333333,42,0,0
24,5,46,0,0
19.66666667,10,35,0,0
17,18.33333333,33,0,0
20.33333333,11.66666667,31,0,0
19.33333333,3.333333333,30,0,0
20.33333333,10,29,0,0
18.66666667,6.666666667,26,0,0
20.33333333,3.333333333,27,0,0
22,3.333333333,22,0,0
20,1.666666667,20,0,0
21,0,13,0,0
23,0,9,0,0
23.66666667,0,7,0,0
23.66666667,3.333333333,3,0,0
22.66666667,3.333333333,2,0,0
23,0,1,0,0
26.66666667,1.666666667,4,0,0
25.33333333,1.666666667,4,0,0
24.33333333,1.666666667,5,0,0
23.66666667,3.333333333,5,0,0
25,1.666666667,5,0,0
25.33333333,3.333333333,6,0,0
26.33333333,1.666666667,7,0,0
28,0,6,0,0
32,0,6,0,0
32,0,4,0,0
32.66666667,0,2,0,0
32.66666667,0,0,0,0
34,0,0,0,0
34,0,0,0,0
33.33333333,0,2,0,0
32,0,0,0,0
34.66666667,0,0,0,0
32.66666667,0,0,0,0
28,0,0,0,0
26.66666667,0,0,0,0
24.66666667,0,0,0,0
25.33333333,0,0,0,0
28,3.333333333,2,0,0
26,0,2,1,1
28,0,2,1,1
27.33333333,0,2,1,1
28,0,2,1,1
27,0,3,1,1
29,0,1,1,1
29,0,1,1,1
23.66666667,0,1,1,1
28.33333333,0,1,1,1
31,0,1,1,1
29,0,1,1,1
29.66666667,1.666666667,1,1,1
32.33333333,3.333333333,3,1,1
35.33333333,5,4,1,1
32.33333333,5,7,1,1
30.66666667,8.333333333,8,1,1
31.33333333,10,12,1,1
34,10,18,1,1
34.66666667,6.666666667,22,1,1
33.66666667,18.33333333,23,1,1
37.66666667,28.33333333,39,1,1
38.66666667,13.33333333,44,1,1
39.66666667,18.33333333,45,1,1
37,16.66666667,49,1,1
40.33333333,13.33333333,51,1,1
38.66666667,11.66666667,50,1,1
34,16.66666667,46,1,1
32,13.33333333,40,1,1
31,11.66666667,39,1,1
27.66666667,8.333333333,37,1,1
29,20,41,1,1
25,10,39,1,1
24.33333333,11.66666667,41,1,1
23.33333333,10,34,1,1
21.33333333,8.333333333,32,1,1
21.66666667,13.33333333,33,1,1
20,6.666666667,34,1,1
18,3.333333333,28,1,1
18.33333333,5,29,1,1
17.66666667,3.333333333,27,1,1
16.66666667,1.666666667,20,1,1
18.33333333,5,15,1,1
19.33333333,0,12,1,1
19.66666667,6.666666667,11,1,1
22.33333333,5,11,1,1
22.66666667,3.333333333,10,1,1
24,1.666666667,10,1,1
23.33333333,3.333333333,12,1,1
26.33333333,1.666666667,11,1,1
28,0,10,1,1
25,3.333333333,7,1,1
26.33333333,3.333333333,7,1,1
28.66666667,1.666666667,6,1,1
31,0,7,1,1
32,0,8,1,1
31.33333333,0,6,1,1
35,0,5,1,1
34.66666667,0,4,1,1
32.33333333,1.666666667,1,1,1
32,1.666666667,2,1,1
27,0,3,1,1
27,1.666666667,3,1,1
27.66666667,0,3,1,1
28,0,2,1,1
29.33333333,0,2,1,1
28.33333333,1.666666667,-1,1,1
30.33333333,0,1,1,1
32.33333333,0,1,1,1
29.66666667,0,1,1,1
33.66666667,0,1,1,1
32,0,2,1,1
32.33333333,0,1,1,1
29.66666667,0,1,1,1
27,0,1,0,1
27,0,1,0,1
23.66666667,0,1,0,1
22.33333333,0,1,1,1
21.66666667,0,1,1,1
21.66666667,0,1,1,1
22.33333333,0,1,1,1
22.33333333,0,1,1,1
25,0,1,1,1
29.66666667,0,1,1,1
30.66666667,0,0,1,1
30.33333333,0,1,1,1
29.66666667,0,1,1,1
31.66666667,0,1,1,1
29,0,1,1,1
29,0,1,1,1
27.66666667,0,1,1,1
28.33333333,1.666666667,1,1,1
29.66666667,1.666666667,3,1,1
26.66666667,5,2,1,1
28,5,4,1,1
31.33333333,8.333333333,6,1,1
36.33333333,13.33333333,13,1,1
39.33333333,13.33333333,22,1,1
40.33333333,15,27,1,1
42.33333333,16.66666667,31,1,1
41.33333333,15,40,1,1
42,13.33333333,44,1,1
38.66666667,13.33333333,42,1,1
36.66666667,11.66666667,42,1,1
35.66666667,20,45,1,1
34,8.333333333,42,1,1
31,11.66666667,37,1,1
26.66666667,13.33333333,32,1,1
26.33333333,13.33333333,35,1,1
26,18.33333333,42,1,1
25,15,35,1,1
28,10,38,1,1
27.33333333,13.33333333,36,1,1
27.66666667,11.66666667,35,1,1
27,3.333333333,35,1,1
28,6.666666667,30,1,1
27.66666667,6.666666667,27,1,1
25.33333333,3.333333333,22,1,1
24,5,22,1,1
21.33333333,3.333333333,16,1,1
21,6.666666667,15,1,1
22,5,12,1,1
21.33333333,13.33333333,16,1,1
21,1.666666667,15,1,1
21.33333333,6.666666667,14,1,1
22.66666667,1.666666667,16,1,1
23.33333333,3.333333333,14,1,1
22.66666667,5,18,1,1
23.66666667,3.333333333,13,1,1
26.33333333,0,13,1,1
31,0,11,1,1
32.66666667,3.333333333,8,1,1
35,0,9,1,1
34.66666667,1.666666667,6,1,1
36,1.666666667,4,1,1
35.66666667,0,5,1,1
34.33333333,1.666666667,5,1,1
35,0,5,1,1
30.66666667,1.666666667,4,1,1
29.33333333,0,4,1,1
26.66666667,3.333333333,4,1,1
28.66666667,0,4,1,1
28,0,4,1,1
23,0,3,1,1
32.33333333,0,1,1,1
28.33333333,0,1,1,1
28.33333333,0,1,1,1
27,0,1,1,1
29,0,1,1,1
27,0,1,1,1
27.66666667,0,1,1,1
27,0,1,1,1
25.66666667,0,1,1,1
26.33333333,0,1,1,1
23.66666667,0,1,1,1
25.66666667,0,1,1,1
29,0,1,1,1
30.33333333,0,1,1,1
32,3.333333333,2,1,1
30.33333333,6.666666667,3,1,1
30.66666667,5,8,1,1
30,13.33333333,12,1,1
33.66666667,18.33333333,19,1,1
35,20,29,1,1
32.66666667,11.66666667,30,1,1
37.66666667,10,39,1,1
41.33333333,15,40,1,1
40,6.666666667,44,1,1
36.33333333,10,41,1,1
34.33333333,16.66666667,33,1,1
34.33333333,10,33,1,1
31.66666667,6.666666667,29,1,1
30.33333333,10,31,1,1
26.66666667,13.33333333,32,1,1
25.66666667,18.33333333,35,1,1
28.66666667,11.66666667,34,1,1
29,10,31,1,1
28.66666667,8.333333333,32,1,1
27.66666667,11.66666667,33,1,1
27,6.666666667,29,1,1
29.33333333,11.66666667,26,1,1
29,13.33333333,27,1,1
29,5,27,1,1
27.33333333,6.666666667,28,1,1
28,13.33333333,20,1,1
27.33333333,1.666666667,22,1,1
26,5,20,1,1
23.33333333,5,18,1,1
22,5,14,1,1
21.33333333,1.666666667,14,1,1
20,1.666666667,14,1,1
19.33333333,10,12,1,1
23.33333333,6.666666667,14,1,1
27.33333333,1.333333333,14,1,1
27,6.666666667,15,1,1
31.33333333,1.666666667,12,1,1
34.33333333,1.666666667,13,1,1
36,1.666666667,14,1,1
29.66666667,0,9,1,1
30.33333333,1.666666667,7,1,1
30.33333333,1.666666667,5,1,1
25.66666667,3.333333333,7,1,1
22.33333333,1.666666667,5,1,1
21.66666667,0,5,0,1
21.66666667,0,1,1,1
21,0,1,1,1
19.33333333,0,0,1,1
19.33333333,0,0,1,1
17.33333333,0,0,1,1
14,0,0,1,1
11.66666667,0,1,1,1
14.33333333,0,1,1,1
17,0,1,1,1
18.33333333,0,1,1,1
23.66666667,0,1,1,1
28,0,0,1,1
32.33333333,0,1,1,1
34.33333333,0,1,1,1
36.33333333,0,1,1,1
34.33333333,0,1,1,1
37,0,1,1,1
31.66666667,0,1,1,1
29,0,1,1,1
27.66666667,0,1,1,1
24,0,2,1,1
27,0,1,1,1
24.33333333,1.666666667,1,1,1
24.66666667,3.333333333,2,1,1
27.33333333,1.666666667,4,1,1
28.33333333,10,7,1,1
28.66666667,11.66666667,12,1,1
32.66666667,15,22,1,1
34,5,24,1,1
34.33333333,6.666666667,25,1,1
32,13.33333333,26,1,1
31.66666667,3.333333333,29,1,1
33.66666667,15,31,1,1
32.66666667,3.333333333,28,1,1
30,15,26,1,1
29.33333333,8.333333333,28,1,1
31.33333333,11.66666667,34,1,1
29.33333333,16.66666667,34,1,1
26.33333333,3.333333333,29,1,1
26.66666667,11.66666667,28,1,1
25.33333333,13.33333333,32,1,1
28.66666667,11.66666667,32,1,1
23,5,31,1,1
22.66666667,13.33333333,28,1,1
23.33333333,16.66666667,28,1,1
23,6.666666667,31,1,1
21.66666667,8.333333333,29,1,1
18.66666667,18.33333333,30,1,1
22.33333333,8.333333333,35,1,1
22.33333333,6.666666667,31,1,1
23,10,33,1,1
25,3.333333333,31,1,1
23,0,27,1,1
20.66666667,0,24,1,1
17,0,15,1,1
0.333333333,4.666666667,1,0,0
2.666666667,23.33333333,8,0,0
9,54.33333333,27,0,0
18.66666667,45,56,0,0
25.66666667,51.66666667,73,0,0
40,35,92,0,0
59.33333333,25,102,0,0
62.33333333,16.66666667,99,0,0
56.66666667,13.33333333,74,0,0
53.66666667,23.33333333,57,0,0
49,13.33333333,45,0,0
39.33333333,11.66666667,34,0,0
28.33333333,15,39,0,0
24.66666667,3.333333333,40,0,0
20.66666667,3.333333333,34,0,0
17.33333333,3.333333333,32,0,0
12.66666667,5,20,0,0
9.333333333,1.666666667,14,0,0
8.333333333,0,11,0,0
6,1.666666667,8,0,0
6,0,6,0,0
7,1.666666667,5,0,0
8.333333333,0,5,0,0
10.33333333,0,3,0,0
13,0,3,0,0
15.66666667,0,1,0,0
17.66666667,0,1,0,0
23,0,1,0,0
24.66666667,0,0,0,0
27.33333333,1.666666667,0,0,0
32.66666667,1.666666667,2,0,0
34.66666667,0,2,0,0
35.33333333,1.666666667,2,0,0
34,0,2,0,0
38.66666667,0,2,0,0
37.66666667,0,1,0,0
33.33333333,0,0,0,0
35.66666667,0,1,0,0
36,0,0,0,0
34,0,0,0,0
29.33333333,0,0,0,0
28,0,0,0,0
25,0,-1,0,0
20.66666667,0,0,0,0
16.66666667,0,0,0,0
17.33333333,0,0,0,0
16,0,0,0,0
12,0,0,0,0
17.33333333,0,0,0,0
18.66666667,0,0,0,0
23.33333333,0,0,0,0
28,0,0,0,0
35,0,-5,0,0
35.33333333,0,0,0,0
37,0,-3,0,0
36.66666667,0,0,0,0
35.66666667,0,-1,0,0
34,0,0,0,0
30,0,0,0,0
32.66666667,0,0,0,0
30,0,0,0,0
29.33333333,0,0,0,0
30,0,0,0,0
28,0,0,0,0
30.66666667,0,0,0,0
30,0,0,0,0
30.66666667,0,0,0,0
30.66666667,0,0,0,0
31.33333333,1.666666667,0,0,0
28.33333333,8.666666667,3,0,0
32,28.33333333,10,0,0
34.66666667,28.33333333,22,0,0
36,26.66666667,30,0,0
39.66666667,26.66666667,47,0,0
44.33333333,25,53,0,0
41.66666667,20,57,0,0
40.33333333,25,59,0,0
39.66666667,30,59,0,0
37,16.66666667,61,0,0
33.33333333,15,58,0,0
29.33333333,15,54,0,0
27,13.33333333,51,0,0
22.66666667,6.666666667,42,0,0
20.66666667,6.666666667,34,0,0
17,5,25,0,0
16.33333333,16.66666667,21,0,0
15.66666667,3.333333333,17,0,0
14.66666667,3.333333333,14,0,0
15.33333333,0,12,0,0
21,3.333333333,11,0,0
24.66666667,0,8,0,0
23.66666667,3.333333333,5,0,0
28,0,6,0,0
29.33333333,0,4,0,0
30.66666667,0,4,0,0
30.66666667,1.666666667,2,0,0
28.66666667,0,2,0,0
30.33333333,0,1,0,0
32,1.666666667,2,0,0
36,0,2,0,0
34.66666667,0,2,0,0
32.66666667,0,2,0,0
35.33333333,0,2,0,0
36.33333333,1.666666667,3,0,0
36.66666667,0,2,0,0
32.33333333,0,1,0,0
33,0,1,0,0
33.66666667,0,1,0,0
29,0,1,0,0
29.33333333,0,0,0,0
29.33333333,0,0,0,0
28.66666667,0,0,0,0
24.66666667,0,0,0,0
23.33333333,0,0,0,0
25.33333333,0,0,0,0
25.33333333,0,0,0,0
24.66666667,0,0,0,0
25.33333333,0,0,0,0
27.33333333,0,0,0,0
24,0,0,0,0
25.33333333,0,0,0,0
23.33333333,0,0,0,0
25.33333333,0,0,0,0
24.66666667,0,0,0,0
25.33333333,0,0,0,0
30.66666667,0,0,0,0
32.33333333,0,-1,0,0
35.33333333,0,0,0,0
36.66666667,0,0,0,0
38.66666667,0,0,0,0
33.66666667,0,-1,0,0
33.33333333,0,0,0,0
34.66666667,0,0,0,0
31.33333333,1.666666667,0,0,0
31,5,1,0,0
28.66666667,13.33333333,4,0,0
28.33333333,11.66666667,9,0,0
28,20,14,0,0
28,21.66666667,26,0,0
32.33333333,18.33333333,39,0,0
32,13.33333333,42,0,0
35.66666667,13.33333333,43,0,0
40.33333333,20,51,0,0
39.33333333,30,54,0,0
40,23.33333333,50,0,0
38,17.33333333,52,0,0
36,18.33333333,54,0,0
30.66666667,13.33333333,48,0,0
29.33333333,23.33333333,44,0,0
25.66666667,10,45,0,0
24.33333333,3.333333333,39,0,0
26.33333333,6.666666667,41,0,0
22.33333333,11.66666667,37,0,0
21,5,35,0,0
19,6.666666667,29,0,0
15,0,21,0,0
17,5,23,0,0
17.33333333,3.333333333,18,0,0
16,1.666666667,14,0,0
17.33333333,1.666666667,10,0,0
20.33333333,1.666666667,7,0,0
24.33333333,5,7,0,0
30,3.333333333,6,0,0
29,1.666666667,7,0,0
31,1.666666667,7,0,0
33.33333333,0,6,0,0
33.33333333,3.333333333,6,0,0
34,3.333333333,8,0,0
34.33333333,0,5,0,0
34.66666667,0,4,0,0
32.33333333,0,3,0,0
29,1.666666667,3,0,0
31,1.666666667,3,0,0
26.33333333,1.666666667,7,0,0
25.33333333,0,4,0,0
24.33333333,0,3,0,0
28.33333333,0,3,0,0
28,0,2,0,0
26.66666667,0,2,0,0
30.33333333,0,1,0,0
29.33333333,0,0,0,0
29.33333333,0,0,0,0
28.66666667,0,0,0,0
29.33333333,0,0,0,0
33.66666667,0,-1,0,0
30.66666667,1.666666667,0,0,0
28,0,0,0,0
28,0,0,0,0
28,0,0,0,0
28.33333333,0,1,0,0
27,0,1,0,0
26.33333333,0,1,0,0
26.66666667,0,0,0,0
29.33333333,0,0,0,0
26.66666667,0,0,0,0
25.33333333,0,0,0,0
26.66666667,0,0,0,0
29.33333333,0,0,0,0
30,0,0,0,0
32.66666667,0,0,0,0
32,0,0,0,0
32,0,0,0,0
29.33333333,0,0,0,0
27,0,1,0,0
26,0,0,0,0
23.66666667,1.666666667,1,0,0
27.66666667,1.666666667,1,0,0
26,6.666666667,4,0,0
27.66666667,5,5,0,0
29,8.333333333,9,0,0
25,13.66666667,11,0,0
27,9,17,0,0
30,16.66666667,24,0,0
32.33333333,18.33333333,27,0,0
28.66666667,10,32,0,0
31,13.33333333,33,0,0
31.33333333,16.66666667,32,0,0
34,16.66666667,36,0,0
32.33333333,11.66666667,37,0,0
30,10,36,0,0
29,11.66666667,31,0,0
30,25,40,0,0
31.33333333,13.33333333,42,0,0
29.66666667,11.66666667,43,0,0
27.33333333,11.66666667,40,0,0
29.33333333,8.333333333,40,0,0
32.33333333,13.33333333,41,0,0
30,10,36,0,0
29,20,37,0,0
30.66666667,5,34,0,0
28.33333333,3.333333333,29,0,0
27.33333333,6.666666667,26,0,0
26,16.66666667,24,0,0
27,6.666666667,25,0,0
26.33333333,6.666666667,19,0,0
20,1.666666667,14,0,0
22.66666667,3.333333333,14,0,0
24.33333333,5,17,0,0
23,5,13,0,0
23.33333333,1.666666667,12,0,0
24.33333333,0,9,0,0
26.66666667,3.333333333,8,0,0
27.66666667,0,7,0,0
28.33333333,3.333333333,7,0,0
30,1.666666667,6,0,0
29.33333333,3.333333333,6,0,0
27.66666667,0,3,0,0
32.33333333,1.666666667,7,0,0
29.66666667,0,5,0,0
32.33333333,3.333333333,5,0,0
31.66666667,0,5,0,0
29.33333333,0,4,0,0
33.66666667,0,3,0,0
35.33333333,0,2,0,0
36.66666667,0,2,0,0
32,0,0,0,0
32,0,0,0,0
32.66666667,0,0,0,0
29.33333333,0,0,0,0
26,0,0,0,0
23.33333333,0,0,0,0
26.66666667,0,0,0,0
26,0,0,0,0
23.66666667,1.666666667,1,0,0
23.66666667,0,1,0,0
28.33333333,0,1,0,0
26.33333333,0,-1,0,0
26.33333333,0,1,0,0
26.33333333,0,1,0,0
30.66666667,0,0,0,0
32.66666667,0,0,0,0
28.66666667,0,0,0,0
31.33333333,0,0,0,0
30,0,0,0,0
31.33333333,0,0,0,0
31.66666667,0,1,0,0
30,0,0,0,0
32.66666667,0,0,0,0
32.66666667,0,-2,0,0
32.33333333,1.666666667,1,0,0
32,1.666666667,2,0,0
30,1.666666667,2,0,0
32.33333333,0,3,0,0
31.33333333,1.666666667,4,0,0
29.33333333,3.333333333,6,0,0
31,10,9,0,0
33,4,7,0,0
32.66666667,10,12,0,0
31.33333333,10,14,0,0
30.33333333,10,13,0,0
30.66666667,23.33333333,22,0,0
32.66666667,5,28,0,0
35.33333333,13.33333333,32,0,0
34,6.666666667,32,0,0
34.66666667,18.33333333,32,0,0
35,15,31,0,0
36,10,26,0,0
33.33333333,16.66666667,30,0,0
33.66666667,5,31,0,0
35,10,33,0,0
31.33333333,8.333333333,30,0,0
30.66666667,11.66666667,34,0,0
28,16.66666667,34,0,0
28.66666667,15,36,0,0
25.33333333,13.33333333,36,0,0
26.66666667,11.66666667,38,0,0
28,11.66666667,44,0,0
26.33333333,8.333333333,41,0,0
25,10,39,0,0
23.33333333,8.333333333,36,0,0
25.33333333,3.333333333,30,0,0
23,5,25,0,0
24,6.666666667,20,0,0
25,8.333333333,19,0,0
28,6.666666667,18,0,0
27.33333333,0,14,0,0
27.33333333,5,12,0,0
30,8.333333333,14,0,0
25,1.666666667,13,0,0
25,5,15,0,0
25,5,11,0,0
25.33333333,1.666666667,12,0,0
26.66666667,1.666666667,14,0,0
27.33333333,0,8,0,0
29.66666667,1.666666667,9,0,0
31.66666667,3.333333333,7,0,0
34,0,6,0,0
33.33333333,0,4,0,0
30.66666667,1.666666667,2,0,0
32,0,2,0,0
31.33333333,0,2,0,0
26,0,0,0,0
26,0,0,0,0
28,1.666666667,2,0,0
30.33333333,0,1,0,0
29.66666667,0,1,0,0
32,1.666666667,2,0,0
30.66666667,0,2,0,0
30.66666667,0,2,0,0
28.33333333,0,1,0,0
27.66666667,0,1,0,0
29.66666667,0,1,0,0
26.66666667,0,0,0,0
27.33333333,0,0,0,0
27.33333333,0,0,0,0
26,0,0,0,0
27.66666667,1.666666667,1,0,0
26.33333333,0,1,0,0
27,0,1,0,0
28.33333333,0,1,0,0
25.66666667,0,1,0,0
27,0,1,0,0
30.66666667,0,0,0,0
30,0,0,0,0
29.33333333,1.666666667,0,0,0
31.33333333,1.666666667,0,0,0
31.66666667,0,1,0,0
27.33333333,0,0,0,0
33,1.666666667,3,0,0
34.33333333,5,3,0,0
32.33333333,3.333333333,5,0,0
32.33333333,3.333333333,5,0,0
30,6.666666667,4,0,0
35.66666667,8.333333333,11,0,0
32.66666667,13.33333333,14,0,0
30.33333333,3.333333333,15,0,0
28.33333333,8.333333333,17,0,0
32.66666667,10,18,0,0
34.33333333,11.66666667,21,0,0
31,3.333333333,17,0,0
33,16.66666667,19,0,0
34.66666667,10,24,0,0
39.33333333,10,28,0,0
34.66666667,10,28,0,0
34.33333333,13.33333333,29,0,0
34.66666667,8.333333333,30,0,0
34.33333333,10,25,0,0
30.33333333,15,27,0,0
27,16.66666667,27,0,0
28.33333333,15,33,0,0
27.66666667,15,31,0,0
28.66666667,15,38,0,0
28.66666667,10,44,0,0
27.66666667,15,41,0,0
30.33333333,10,41,0,0
30.66666667,1.666666667,38,0,0
29.66666667,11.66666667,35,0,0
27.66666667,10,29,0,0
28.33333333,3.333333333,25,0,0
26.33333333,8.333333333,23,0,0
24,5,18,0,0
22,10,22,0,0
21,3.333333333,21,0,0
18.33333333,0,19,0,0
15.33333333,1.666666667,16,0,0
17.66666667,3.333333333,15,0,0
21.33333333,6.666666667,18,0,0
22.66666667,1.666666667,14,0,0
24,1.666666667,8,0,0
25.33333333,1.666666667,8,0,0
26,1.666666667,8,0,0
25,6.666666667,9,0,0
24,1.666666667,6,0,0
23.33333333,1.666666667,6,0,0
25,3.333333333,7,0,0
27.66666667,0,7,0,0
30,1.666666667,4,0,0
35,1.666666667,5,0,0
36.33333333,0,5,0,0
38.33333333,0,5,0,0
41.33333333,1.666666667,6,0,0
36,0,4,0,0
33.66666667,0,3,0,0
31.66666667,0,3,0,0
31.66666667,0,1,0,0
29.66666667,0,1,0,0
28.33333333,0,1,0,0
25.33333333,1.666666667,0,0,0
27.33333333,0,0,0,0
27.33333333,0,0,0,0
27.33333333,0,0,0,0
27,0,1,0,0
26.33333333,0,1,0,0
27.33333333,0,0,0,0
26,0,0,0,0
26,0,0,0,0
28,0,0,0,0
27,0,-1,0,0
28,0,0,0,0
28,0,0,0,0
29.33333333,0,0,0,0
29.33333333,1.666666667,0,0,0
27,0,1,0,0
27.66666667,0,1,0,0
32,1.666666667,2,0,0
33.33333333,0,2,0,0
33.66666667,5,3,0,0
34.33333333,5,5,0,0
34.33333333,11.66666667,7,0,0
33.66666667,6.666666667,13,0,0
30.66666667,5,16,0,0
31.33333333,6.666666667,14,0,0
34.33333333,8.333333333,17,0,0
35,5,17,0,0
36,6.666666667,18,0,0
35.66666667,6.666666667,17,0,0
35.33333333,6.666666667,14,0,0
30,15,16,0,0
27.66666667,13.33333333,21,0,0
24,6.666666667,22,0,0
24,3.333333333,24,0,0
20.66666667,11.66666667,22,0,0
26.33333333,6.666666667,27,0,0
27.33333333,11.66666667,28,0,0
28.66666667,10,32,0,0
31,15,29,0,0
30.33333333,16.66666667,29,0,0
33.66666667,10,29,0,0
32.66666667,11.66666667,30,0,0
33,8.333333333,29,0,0
29.66666667,6.666666667,25,0,0
29.66666667,8.333333333,23,0,0
29.66666667,15,23,0,0
30.33333333,10,27,0,0
29.66666667,5,27,0,0
29,3.333333333,27,0,0
31.66666667,10,29,0,0
29.66666667,3.333333333,25,0,0
27,13.33333333,23,0,0
22.66666667,8.333333333,20,0,0
23,6.666666667,21,0,0
26.33333333,1.666666667,21,0,0
26.66666667,10,20,0,0
30.33333333,5,23,0,0
37.66666667,5,23,0,0
36.66666667,0,18,0,0
35.66666667,5,15,0,0
34.66666667,3.333333333,14,0,0
33.33333333,6.666666667,12,0,0
27,5,11,0,0
25.33333333,0,12,0,0
28.33333333,1.666666667,9,0,0
29,5,13,0,0
27.33333333,1.666666667,10,0,0
26.66666667,1.666666667,6,0,0
26.33333333,0,5,0,0
29.33333333,0,4,0,0
28.33333333,0,5,0,0
28.66666667,1.666666667,2,0,0
31.66666667,0,1,0,0
29.66666667,1.666666667,1,0,0
30.33333333,0,1,0,0
31.66666667,0,1,0,0
32.66666667,0,0,0,0
30,1.666666667,4,0,0
28.33333333,0,1,0,0
25.66666667,0,1,0,0
27,0,1,0,0
0,0,0,0,0
0,0,0,0,0
0,0.666666667,0,0,0
1.666666667,15,5,0,0
5.333333333,20,16,0,0
9.333333333,26.66666667,28,0,0
15.33333333,30,42,0,0
25.66666667,21.66666667,49,0,0
41.33333333,15,56,0,0
53,13.33333333,59,0,0
61,15,55,0,0
63.33333333,20,48,0,0
60.33333333,16.66666667,33,0,0
56.66666667,8.333333333,32,0,0
47.66666667,8.333333333,33,0,0
37,10,29,0,0
30.66666667,13.33333333,26,0,0
26,11.66666667,26,0,0
22.66666667,10,26,0,0
22.33333333,10,31,0,0
21,10,35,0,0
19.33333333,5,30,0,0
15,0,27,0,0
15.33333333,6.666666667,24,0,0
16.33333333,3.333333333,25,0,0
14.66666667,8.333333333,20,0,0
16,6.666666667,14,0,0
17,6.666666667,15,0,0
20,5,16,0,0
23,5,19,0,0
28,1.666666667,18,0,0
28,8.333333333,14,0,0
27.33333333,1.666666667,12,0,0
31.33333333,0,12,0,0
32,5,8,0,0
33.66666667,5,9,0,0
30.66666667,1.666666667,10,0,0
33,3.333333333,11,0,0
36.33333333,0,11,0,0
35.33333333,0,10,0,0
34.66666667,1.666666667,8,0,0
38,0,4,0,0
37.66666667,5,5,0,0
31.33333333,0,4,0,0
28,1.666666667,4,0,0
26,0,4,0,0
24.66666667,0,4,0,0
21.33333333,0,4,0,0
24.33333333,0,3,0,0
25.66666667,0,1,0,0
26.33333333,0,1,0,0
26,0,0,0,0
23.33333333,0,0,0,0
22.66666667,0,0,0,0
20.66666667,0,0,0,0
20,0,0,0,0
18.66666667,0,0,0,0
18.66666667,1.666666667,0,0,0
17.33333333,0,0,0,0
19.33333333,0,0,0,0
17.33333333,0,0,0,0
18.66666667,0,0,0,0
22,0,0,0,0
22.66666667,0,0,0,0
26,0,0,0,0
27.33333333,0,0,0,0
32,0,0,0,0
31.33333333,0,0,0,0
30,0,0,0,0
31,0,-3,0,0
33.33333333,0,0,0,0
30.66666667,0,0,0,0
29.33333333,0,0,0,0
27.33333333,0,0,0,0
28,0,0,0,0
28.66666667,0,0,0,0
27.33333333,0,0,0,0
26.66666667,0,0,0,0
26,3.333333333,2,0,0
27,10,3,0,0
28,11.66666667,8,0,0
29.33333333,21.66666667,18,0,0
27,20,23,0,0
27.66666667,6.666666667,29,0,0
29.33333333,15,34,0,0
29.66666667,11.66666667,37,0,0
33.33333333,18.33333333,44,0,0
30,16.66666667,40,0,0
34.66666667,13.33333333,38,0,0
32,15,36,0,0
33.33333333,9.333333333,38,0,0
32.33333333,5,39,0,0
28.33333333,16.66666667,41,0,0
28,10,32,0,0
26.33333333,11.66666667,33,0,0
24.33333333,10,29,0,0
24.33333333,15,27,0,0
24,3.333333333,28,0,0
22,8.333333333,24,0,0
22.66666667,8.333333333,26,0,0
19.33333333,8.333333333,22,0,0
18.66666667,5,24,0,0
15,10,19,0,0
14,1.666666667,20,0,0
20,13.33333333,22,0,0
20,6.666666667,22,0,0
23,6.666666667,25,0,0
25,1.666666667,21,0,0
26,5,20,0,0
28,6.666666667,18,0,0
24.66666667,5,18,0,0
24,0,16,0,0
23,0,9,0,0
23.66666667,5,11,0,0
24.66666667,6.666666667,12,0,0
23,2,11,0,0
27.33333333,5,12,0,0
30.66666667,1.666666667,12,0,0
30.33333333,3.333333333,13,0,0
30.66666667,0,10,0,0
32.33333333,3.333333333,9,0,0
32,0,10,0,0
30,0,6,0,0
26.66666667,0,4,0,0
28.33333333,1.666666667,3,0,0
27,0,3,0,0
23,0,3,0,0
23.66666667,0,1,0,0
23,0,1,0,0
25,0,1,0,0
23,0,1,0,0
22,0,0,0,0
22,0,0,0,0
23.33333333,1.666666667,0,0,0
26,0,0,0,0
23.33333333,0,0,0,0
24.66666667,0,0,0,0
25,0,-1,0,0
24,0,0,0,0
22.66666667,0,0,0,0
26,0,0,0,0
32.66666667,0,0,0,0
32,0,0,0,0
34.66666667,0,0,0,0
31.33333333,0,0,0,0
34,0,0,0,0
32.66666667,0,0,0,0
23.33333333,0,0,0,0
21.33333333,0,0,0,0
20,0,0,0,0
22,0,0,0,0
22,0,0,0,0
19.66666667,1.666666667,1,0,0
28.33333333,0,1,0,0
30,3.333333333,2,0,0
32.66666667,5,4,0,0
30.66666667,15,8,0,0
35,8.333333333,13,0,0
31.33333333,6.666666667,14,0,0
30.33333333,3.333333333,13,0,0
27,18.33333333,19,0,0
26.66666667,11.66666667,26,0,0
28.33333333,15,27,0,0
29.33333333,15,28,0,0
31,16.66666667,31,0,0
33.33333333,15,38,0,0
31,3.333333333,39,0,0
33.33333333,5,36,0,0
33.66666667,11.66666667,37,0,0
31,13.33333333,37,0,0
31.66666667,13.33333333,33,0,0
0,16.66666667,0,0,0
0,0,0,0,0
0,3.333333333,0,0,0
1,6.666666667,3,0,0
6,26.66666667,18,0,0
8,15,22,0,0
12,18.33333333,32,0,0
20.66666667,8.333333333,36,0,0
30.66666667,8.333333333,42,0,0
38.33333333,11.66666667,45,0,0
44,3.333333333,46,0,0
45.66666667,10,35,0,0
47,5,27,0,0
51.33333333,10,20,0,0
41.33333333,3.333333333,18,0,0
39,5,19,0,0
33.66666667,1.666666667,15,0,0
33.33333333,5,18,0,0
31.66666667,1.666666667,13,0,0
29.33333333,5,14,0,0
23.66666667,1.666666667,9,0,0
22.66666667,3.333333333,8,0,0
20.66666667,0,10,0,0
20.66666667,5,10,0,0
17.33333333,0,8,0,0
17,0,7,0,0
15,0,5,0,0
14.66666667,0,4,0,0
16.66666667,0,2,0,0
16.33333333,1.666666667,3,0,0
14.66666667,1.666666667,2,0,0
18,0,2,0,0
17.33333333,1.666666667,2,0,0
20.66666667,0,2,0,0
20.33333333,1.666666667,1,0,0
22.33333333,0,3,0,0
29.33333333,0,2,0,0
33.66666667,0,1,0,0
37.66666667,0,1,0,0
35.66666667,1.666666667,1,0,0
38,0,2,0,0
41.66666667,0,1,0,0
37.66666667,0,1,0,0
33,0,1,0,0
27.66666667,0,1,0,0
28,0,0,0,0
27.33333333,0,0,0,0
27.33333333,0,0,0,0
25.66666667,0,1,0,0
23.33333333,0,0,0,0
24.66666667,0,0,0,0
20.66666667,3.333333333,0,0,0
23.66666667,1.666666667,1,0,0
21.66666667,1.666666667,3,0,0
23,5,5,0,0
26,1.666666667,6,0,0
24,8.333333333,6,0,0
25.66666667,6.666666667,9,0,0
23.33333333,8,10,0,0
22,13.33333333,14,0,0
24,10,14,0,0
24.33333333,21.66666667,23,0,0
26.33333333,16.66666667,29,0,0
27.33333333,5,30,0,0
28.33333333,10,33,0,0
26.66666667,8.333333333,34,0,0
26.33333333,5,35,0,0
25.66666667,11.66666667,29,0,0
27,6.666666667,27,0,0
25.66666667,8.333333333,25,0,0
24,5,26,0,0
27,5,23,0,0
27.66666667,8.333333333,23,0,0
28.33333333,6.666666667,25,0,0
27.33333333,3,20,0,0
28.33333333,1.666666667,15,0,0
30.33333333,1.666666667,13,0,0
27.66666667,5,13,0,0
24.66666667,3.333333333,10,0,0
27,10,9,0,0
28.66666667,18.33333333,12,0,0
28.66666667,5,16,0,0
30.66666667,11.66666667,24,0,0
31,15,27,0,0
31.66666667,5,29,0,0
31,13.33333333,29,0,0
30.33333333,5,29,0,0
29,8.333333333,29,0,0
29.66666667,5,25,0,0
33,13.33333333,25,0,0
34,6.666666667,26,0,0
32.66666667,2,24,0,0
29.33333333,0,18,0,0
31.66666667,6.666666667,19,0,0
29.33333333,0,16,0,0
26.66666667,3.333333333,14,0,0
22,8.333333333,8,0,0
23.66666667,6.666666667,11,0,0
23.33333333,5,12,0,0
21.66666667,0,11,0,0
22.66666667,0,10,0,0
26,1.666666667,10,0,0
27.66666667,3.333333333,9,0,0
30.66666667,3.333333333,4,0,0
31.66666667,3.333333333,5,0,0
34.33333333,0,5,0,0
31.33333333,0,6,0,0
32.33333333,0,5,0,0
32.33333333,0,3,0,0
28.33333333,0,1,0,0
29,1.666666667,1,0,0
27,0,1,0,0
27,0,1,0,0
27.66666667,1.666666667,1,0,0
27,0,1,0,0
26,1.666666667,2,0,0
26.33333333,0,1,0,0
24,1.666666667,2,0,0
27.33333333,0,2,0,0
27.33333333,0,2,0,0
25.33333333,0,2,0,0
25.66666667,0,1,0,0
27.66666667,0,1,0,0
28.66666667,0,0,0,0
31.33333333,1.666666667,0,0,0
30.66666667,0,0,0,0
32.66666667,0,-2,0,0
36,1.666666667,0,0,0
39.33333333,3.333333333,2,0,0
35.66666667,3.333333333,3,0,0
34.66666667,3.333333333,4,0,0
34.33333333,5,5,0,0
32.66666667,6.666666667,8,0,0
32.33333333,8.333333333,11,0,0
32,13.33333333,16,0,0
30.66666667,6.666666667,14,0,0
31,6.666666667,15,0,0
32,11.66666667,20,0,0
34.33333333,10,23,0,0
32.33333333,8.333333333,23,0,0
32,11.66666667,26,0,0
34,10,26,0,0
31,6.666666667,29,0,0
28,5,26,0,0
27.66666667,5,23,0,0
26.66666667,6.666666667,22,0,0
25.33333333,5,18,0,0
22.33333333,10,17,0,0
26.33333333,8.333333333,19,0,0
25.66666667,3.333333333,19,0,0
26.33333333,11.66666667,21,0,0
26,5,20,0,0
28.66666667,10,22,0,0
31.66666667,15,27,0,0
28,6.666666667,22,0,0
28.66666667,11.66666667,26,0,0
27.33333333,5,26,0,0
29.33333333,11.66666667,30,0,0
28.33333333,5,25,0,0
26.66666667,5,18,0,0
29.66666667,11.66666667,21,0,0
28.66666667,9,18,0,0
30.33333333,11.66666667,23,0,0
31,8.333333333,19,0,0
31,5,23,0,0
29,1.666666667,25,0,0
30,5,20,0,0
32,6.666666667,20,0,0
31,5,13,0,0
30,5,14,0,0
30,3.333333333,12,0,0
29.33333333,0,12,0,0
27,5,13,0,0
26.33333333,1.666666667,11,0,0
26.66666667,3.333333333,10,0,0
25.66666667,0,9,0,0
25.33333333,3.333333333,4,0,0
27,0,5,0,0
27.66666667,3.333333333,5,0,0
30,3.333333333,6,0,0
30.66666667,3.333333333,4,0,0
32,1.666666667,6,0,0
33,0,5,0,0
32.66666667,0,6,0,0
32.33333333,3.333333333,5,0,0
29.33333333,1.666666667,4,0,0
26.33333333,0,5,0,0
27,1.666666667,3,0,0
26.33333333,0,3,0,0
27.33333333,1.666666667,4,0,0
28,1.666666667,2,0,0
30.33333333,0,3,0,0
28,0,2,0,0
28,0,2,0,0
28.66666667,0,2,0,0
28.33333333,0,1,0,0
28.33333333,1.666666667,1,0,0
27.66666667,0,1,0,0
32.33333333,0,1,0,0
30.33333333,0,1,0,0
28.33333333,0,1,0,0
32.33333333,1.666666667,1,0,0
30.33333333,1.666666667,1,0,0
31.33333333,1.666666667,2,0,0
31,6.666666667,3,0,0
29.33333333,1.666666667,4,0,0
31.33333333,5,6,0,0
34,6.666666667,8,0,0
34.66666667,5,8,0,0
33.33333333,5,8,0,0
32.33333333,10,11,0,0
35,10,13,0,0
37.66666667,8.333333333,19,0,0
34,5,18,0,0
33,0,21,0,0
33,13.33333333,21,0,0
32.66666667,11.66666667,22,0,0
29,13.33333333,23,0,0
26,6.666666667,18,0,0
27.33333333,6.666666667,22,0,0
27,5,17,0,0
25.33333333,11.66666667,18,0,0
27,8.333333333,21,0,0
28.66666667,11.66666667,24,0,0
27.33333333,11.66666667,26,0,0
25,5,25,0,0
24.66666667,10,30,0,0
26.66666667,11.66666667,30,0,0
27,11.66666667,27,0,0
26,10,30,0,0
26,8.333333333,26,0,0
27,5,27,0,0
30.33333333,6.666666667,23,0,0
30.33333333,3.333333333,19,0,0
28.33333333,18.33333333,15,0,0
30.33333333,6.666666667,21,0,0
30.33333333,3.333333333,17,0,0
29,8.333333333,19,0,0
31.66666667,3.333333333,21,0,0
31,11.66666667,21,0,0
29.33333333,6.666666667,18,0,0
28,5,14,0,0
30.33333333,1.666666667,15,0,0
31.33333333,3.333333333,12,0,0
28.33333333,1.666666667,13,0,0
25.33333333,5,12,0,0
26.33333333,3.333333333,11,0,0
24,5,10,0,0
21,5,11,0,0
21,3.333333333,13,0,0
26.66666667,1.666666667,12,0,0
30,1.666666667,10,0,0
28.66666667,3.333333333,10,0,0
29,0,9,0,0
28,0,6,0,0
27,1.666666667,3,0,0
26,1.666666667,4,0,0
25.66666667,3.333333333,5,0,0
30.33333333,1.666666667,5,0,0
33,0,5,0,0
37.66666667,0,5,0,0
37,0,5,0,0
37.33333333,0,6,0,0
34.66666667,1.666666667,2,0,0
34.33333333,0,1,0,0
33.66666667,0,1,0,0
31.66666667,0,1,0,0
28.33333333,0,1,0,0
27,0,1,0,0
26,0,0,0,0
23.33333333,1.666666667,0,0,0
22,1.666666667,0,0,0
21.66666667,0,1,0,0
22.33333333,0,1,0,0
25.66666667,3.333333333,3,0,0
26.33333333,0,3,0,0
31.33333333,8.333333333,6,0,0
33.66666667,3.333333333,5,0,0
36,0,4,0,0
36.66666667,8.666666667,6,0,0
38,6.666666667,10,0,0
35.66666667,1.666666667,11,0,0
32,1.666666667,10,0,0
33.66666667,13.33333333,11,0,0
35.33333333,5,16,0,0
36.33333333,6.666666667,15,0,0
34.33333333,5,17,0,0
31.66666667,3.333333333,17,0,0
32.66666667,6.666666667,20,0,0
30.33333333,6.666666667,23,0,0
27.33333333,6.666666667,20,0,0
26,5,24,0,0
24.33333333,8.333333333,23,0,0
27,8.333333333,23,0,0
29.33333333,10,22,0,0
30.66666667,8.333333333,22,0,0
30.66666667,13.33333333,24,0,0
31.33333333,3.333333333,22,0,0
31,13.33333333,23,0,0
33,8.333333333,25,0,0
29,13.33333333,27,0,0
29.33333333,10,26,0,0
28,6.666666667,28,0,0
31.66666667,8.333333333,29,0,0
30.33333333,8.333333333,29,1,1
28,5,28,1,1
28.66666667,10,26,1,1
27.33333333,1.666666667,24,1,1
25.66666667,3.333333333,17,1,1
20.66666667,8.333333333,16,1,1
23,5,13,1,1
25.66666667,11.66666667,13,1,1
28.33333333,6.666666667,17,1,1
28.66666667,10,18,1,1
30.66666667,5,22,1,1
36.66666667,11.66666667,22,1,1
38,3.333333333,24,1,1
41.33333333,1.666666667,24,1,1
34.66666667,1.666666667,18,1,1
34,1.666666667,14,1,1
32.33333333,3.333333333,9,1,1
28,1.666666667,10,1,1
25.33333333,6.666666667,8,1,1
20.66666667,5,12,1,1
23.33333333,0,12,1,1
22,1.666666667,12,1,1
20.33333333,0,11,1,1
22,5,10,1,1
25,6.666666667,9,1,1
25,1.666666667,7,1,1
24.66666667,3.333333333,6,1,1
27,0,7,1,1
29.33333333,0,8,1,1
28,0,6,1,1
29.66666667,0,5,1,1
31,0,3,1,1
33,1.666666667,3,1,1
33.66666667,0,1,1,1
33,0,1,1,1
34.33333333,0,1,1,1
31,1.666666667,1,1,1
26.33333333,1.666666667,3,1,1
25.66666667,0,3,1,1
30,3.333333333,6,1,1
32,0,6,1,1
33.33333333,0,6,1,1
35.66666667,0,5,1,1
33.33333333,0,4,1,1
33.33333333,3.333333333,4,1,1
29,0,1,1,1
28.66666667,1.666666667,2,1,1
29.66666667,6.666666667,3,0,1
29,0,5,0,1
33,8.333333333,7,0,1
33,1.666666667,7,1,1
33,0,7,1,1
33,8.333333333,9,1,1
32,1.666666667,8,1,1
31.66666667,3.333333333,11,1,1
29,3.333333333,9,1,1
28.66666667,5,10,1,1
27.33333333,5,14,1,1
30,11.66666667,16,1,1
31,15,21,1,1
27.33333333,10,26,1,1
29.33333333,1.666666667,28,1,1
28.33333333,13.33333333,25,1,1
31,5,27,1,1
31,6.666666667,25,1,1
30.66666667,13.33333333,22,1,1
29.66666667,8.333333333,23,1,1
30,5,20,1,1
27.33333333,6.666666667,18,1,1
25.66666667,8.333333333,17,1,1
25.33333333,10,18,1,1
27.66666667,13.33333333,21,1,1
28.33333333,6.666666667,23,1,1
29,10,25,1,1
33,6.666666667,27,1,1
30,13.33333333,26,1,1
32,6.666666667,28,1,1
29,3.333333333,23,1,1
30.33333333,1.666666667,19,1,1
32.66666667,9,18,1,1
30,6.666666667,18,1,1
32,3.333333333,18,1,1
29,18.33333333,17,1,1
33,8.333333333,23,1,1
36.66666667,3.333333333,26,1,1
35.33333333,5,24,1,1
33.66666667,6.666666667,23,1,1
32.66666667,3.333333333,20,1,1
30.66666667,5,14,1,1
26.33333333,1.666666667,9,1,1
21,1.666666667,7,1,1
19,5,9,1,1
20.66666667,1.666666667,10,1,1
22,3.333333333,10,1,1
22.66666667,3.333333333,10,1,1
27,3.333333333,11,1,1
27.33333333,8.333333333,12,1,1
29.33333333,3.333333333,14,1,1
31.66666667,3.333333333,13,1,1
31.66666667,5,13,1,1
34.33333333,3.333333333,17,1,1
33.33333333,1.666666667,16,1,1
34,0,10,1,1
35.66666667,1.666666667,11,1,1
34.66666667,0,10,1,1
33.66666667,3.333333333,7,1,1
31,0,3,1,1
31.66666667,1.666666667,3,1,1
29.66666667,1.666666667,3,1,1
31,0,5,1,1
28,0,4,1,1
25,1.666666667,3,1,1
24.33333333,0,5,1,1
23.66666667,0,3,1,1
24,0,2,1,1
24.33333333,1.666666667,3,0,1
20.66666667,1.666666667,2,0,1
20,1.666666667,2,0,1
20.33333333,1.666666667,3,0,1
21.66666667,5,3,0,1
24.33333333,5,5,1,1
28,1.666666667,6,1,1
28.66666667,0,6,1,1
29.33333333,3.333333333,6,1,1
31.66666667,1.666666667,5,1,1
34.66666667,6.666666667,8,1,1
35,1.666666667,9,1,1
36.33333333,10,7,1,1
41,5,11,1,1
44,8.333333333,14,1,1
42,6.666666667,18,1,1
38.66666667,3.333333333,16,1,1
34.33333333,6.666666667,19,1,1
33,5,23,1,1
29.66666667,8.333333333,19,1,1
27.33333333,1.666666667,18,1,1
25.66666667,11.66666667,17,1,1
25.66666667,6.666666667,21,1,1
28.66666667,5,20,1,1
30,3.333333333,22,1,1
27.66666667,5,19,1,1
29,13.33333333,19,1,1
31.33333333,8.333333333,20,1,1
30.33333333,8.333333333,17,1,1
33,6.666666667,19,1,1
35.33333333,10,22,1,1
34,5,20,1,1
35,5,19,1,1
34.66666667,13.33333333,22,1,1
31.66666667,6.666666667,23,1,1
29.33333333,3.333333333,20,1,1
27.66666667,6.666666667,19,1,1
27.66666667,11.66666667,19,1,1
27.33333333,8.333333333,22,1,1
23.66666667,5,23,1,1
23,11.66666667,23,1,1
23.66666667,11.66666667,23,1,1
24.33333333,5,27,1,1
26,10,24,1,1
27.33333333,6.666666667,26,1,1
30,1.666666667,24,1,1
32.33333333,5,21,1,1
31.66666667,5,21,1,1
33,1.666666667,17,1,1
30,3.333333333,14,1,1
28,5,12,1,1
28.33333333,6.666666667,11,1,1
30,5,12,1,1
27.66666667,1.666666667,9,1,1
27.33333333,0,8,1,1
26,3.333333333,12,1,1
29,1.666666667,11,1,1
28,0,10,1,1
27.33333333,5,8,1,1
28.66666667,1.666666667,8,1,1
28,1.666666667,8,1,1
29.66666667,0,9,1,1
29.33333333,3.333333333,8,1,1
29.66666667,3.333333333,7,1,1
34,5,12,1,1
31,0,9,1,1
30,3.333333333,10,1,1
28.66666667,1.666666667,12,1,1
28,1.666666667,10,1,1
25.33333333,1.666666667,10,1,1
29.66666667,0,5,0,1
27.66666667,0,5,0,1
29.66666667,0,5,0,1
0,1.666666667,0,0,0
0,0,0,0,0
0,2.666666667,0,0,0
3.333333333,24.66666667,10,0,0
10.66666667,50,32,0,0
20.66666667,48.33333333,62,0,0
27.66666667,33.33333333,73,0,0
42.66666667,35,90,0,0
56,31.66666667,106,0,0
63.66666667,31.66666667,115,0,0
60.33333333,13.66666667,93,0,0
59,20,73,0,0
53.66666667,5,59,0,0
46.66666667,8.333333333,52,0,0
31,5,41,0,0
23.66666667,6.666666667,33,0,0
17,6.666666667,23,0,0
13,5,19,0,0
9.333333333,8.333333333,20,0,0
9.666666667,1.666666667,17,0,0
10,1.666666667,16,0,0
12.33333333,5,17,0,0
12.33333333,1.666666667,11,0,0
13.66666667,5,9,0,0
15.33333333,1.666666667,4,0,0
16.33333333,0,5,0,0
18.33333333,1.666666667,3,0,0
18.33333333,0,5,0,0
25,1.666666667,3,0,0
28,1.666666667,4,0,0
29.33333333,0,4,0,0
32.33333333,0,3,0,0
37.66666667,0,3,0,0
38,0,2,0,0
38.33333333,0,1,0,0
35.66666667,0,1,0,0
31.33333333,0,0,0,0
30.66666667,0,0,0,0
28.66666667,0,0,0,0
28,0,0,0,0
29.33333333,0,0,0,0
27.33333333,0,0,0,0
28.66666667,0,0,0,0
26,0,0,0,0
24,0,0,0,0
23.33333333,0,0,0,0
20.66666667,0,0,0,0
22,0,0,0,0
24,0,0,0,0
24.66666667,0,0,0,0
25.33333333,0,0,0,0
24.66666667,0,-2,0,0
27.33333333,0,0,0,0
25.33333333,3.333333333,0,0,0
24.66666667,0,2,0,0
28.66666667,0,2,1,1
26.66666667,0,2,1,1
24.66666667,0,2,1,1
24,0,2,1,1
28.66666667,0,2,1,1
31.66666667,0,-1,1,1
30.33333333,0,1,1,1
32.33333333,0,1,1,1
34.33333333,0,1,1,1
35,0,1,1,1
33,0,1,1,1
30.33333333,0,1,1,1
27.66666667,0,1,1,1
27.66666667,0,1,1,1
26.33333333,0,1,1,1
26.33333333,0,1,1,1
26.33333333,0,1,1,1
25,0,1,1,1
25,0,1,1,1
25,0,1,1,1
23.66666667,0,1,1,1
24.33333333,0,1,1,1
25,1.666666667,1,1,1
31.33333333,5.333333333,2,1,1
33.33333333,20,10,1,1
30.66666667,25,52,1,1
29.33333333,11.66666667,52,1,1
24.33333333,10,51,1,1
23.33333333,10,46,1,1
22.33333333,16.66666667,43,1,1
21,5,39,1,1
20,15,36,1,1
20,10,34,1,1
19.66666667,0,27,1,1
18,1.666666667,26,1,1
18,5,22,1,1
17.66666667,1.666666667,19,1,1
15.33333333,5,12,1,1
14.33333333,6.666666667,9,1,1
14.33333333,0,9,1,1
18.66666667,1.666666667,10,1,1
18,1.666666667,8,1,1
21,1.666666667,11,1,1
26.66666667,0,10,1,1
30,0,8,1,1
32,0,6,1,1
36.66666667,0,6,1,1
39,0,5,1,1
41.33333333,1.666666667,2,1,1
37.33333333,0,2,1,1
36,0,2,1,1
36.66666667,0,2,1,1
32.66666667,0,2,1,1
30.66666667,0,2,1,1
28.66666667,0,2,1,1
31.66666667,0,1,1,1
28.33333333,0,1,1,1
27.66666667,0,1,1,1
28.33333333,0,1,1,1
29.66666667,0,1,1,1
28.33333333,0,3,1,1
24.33333333,0,1,1,1
27,0,1,1,1
26.33333333,0,1,1,1
21.66666667,0,1,1,1
19,0,1,1,1
21.66666667,0,1,1,1
23,0,1,1,1
26.33333333,0,1,1,1
23,0,1,1,1
24.33333333,0,1,1,1
29,0,1,1,1
27.66666667,0,1,1,1
27,0,1,1,1
29,0,1,1,1
26.33333333,0,1,1,1
27.66666667,0,1,1,1
27.66666667,0,-1,1,1
33,0,1,1,1
31.33333333,0,0,1,1
30,0,0,1,1
35.33333333,0,0,1,1
40,0,0,1,1
37.33333333,0,0,1,1
32,0,0,1,1
30.33333333,0,1,1,1
32.33333333,0,1,1,1
23,8.333333333,31,1,1
22.33333333,5,27,1,1
20.66666667,3.333333333,24,1,1
16.66666667,6.666666667,24,1,1
19.33333333,8.333333333,20,1,1
19,5,19,1,1
19.33333333,6.666666667,22,1,1
21.66666667,5,21,1,1
25,1.666666667,19,1,1
28.33333333,1.666666667,19,1,1
27,0,15,1,1
27,5,13,1,1
31,3.333333333,11,1,1
30.33333333,0,7,1,1
27.33333333,0,4,1,1
26.33333333,3.333333333,5,1,1
26.33333333,3.333333333,5,1,1
27,0,3,1,1
27.33333333,1.666666667,4,1,1
25.66666667,0,5,1,1
30.33333333,0,5,1,1
30,0,4,1,1
30,0,2,1,1
33.33333333,0,2,1,1
34.33333333,0,1,1,1
32.33333333,0,1,1,1
31.66666667,0,1,1,1
33,0,1,1,1
31.66666667,0,1,1,1
29.66666667,0,1,1,1
28.33333333,0,1,1,1
28.33333333,0,1,1,1
26,0,0,1,1
24.66666667,0,0,1,1
25.33333333,0,0,1,1
28.66666667,0,0,1,1
24.66666667,0,0,1,1
26,0,0,1,1
23.66666667,0,1,1,1
25.66666667,0,1,1,1
27.66666667,0,1,1,1
27,0,1,1,1
28.33333333,0,1,1,1
29,0,1,1,1
31.66666667,0,1,1,1
29.66666667,0,1,1,1
27,0,1,1,1
25.66666667,0,1,1,1
26.33333333,0,1,1,1
25.66666667,0,1,0,1
27,0,1,0,1
25,0,1,1,1
25.66666667,0,1,1,1
27.66666667,0,1,1,1
25.66666667,0,1,1,1
24.33333333,0,1,1,1
22.66666667,1.666666667,2,1,1
24,3.333333333,2,1,1
27.33333333,6.666666667,6,1,1
27,6.666666667,9,1,1
27.66666667,10,15,1,1
32.33333333,6.666666667,19,1,1
35,13.33333333,25,1,1
31.66666667,11.66666667,29,1,1
29.33333333,15,32,1,1
32,15.33333333,36,1,1
32,15,38,1,1
29.33333333,10,38,1,1
28,11.66666667,40,1,1
26.33333333,11.66666667,35,1,1
26.33333333,8.333333333,35,1,1
24.66666667,15,34,1,1
24.33333333,11.66666667,35,1,1
22.66666667,5,34,1,1
23.66666667,23.33333333,33,1,1
26.66666667,21.66666667,42,1,1
27.66666667,8.333333333,47,1,1
25.66666667,5,41,1,1
23.66666667,5,35,1,1
23.33333333,13.33333333,34,1,1
23,8.333333333,27,1,1
22,13.33333333,24,1,1
19.66666667,8.333333333,23,1,1
21.66666667,3.333333333,23,1,1
23,10,25,1,1
26,5,28,1,1
23.33333333,8.333333333,26,1,1
24.33333333,8.333333333,29,1,1
23,0,19,1,1
23.33333333,0,16,1,1
20.66666667,1.666666667,12,1,1
21.66666667,1.666666667,11,1,1
24.33333333,10,13,1,1
25.33333333,5,10,1,1
25.33333333,3.333333333,12,1,1
26,3.333333333,12,1,1
28.66666667,0,12,1,1
30,5,12,1,1
29,0,11,1,1
25,0,9,1,1
25.33333333,0,4,1,1
25.66666667,0,3,1,1
26.33333333,1.666666667,3,1,1
24.66666667,0,2,1,1
24,0,2,1,1
24,0,2,1,1
24,0,2,1,1
26,1.666666667,2,1,1
26,0,2,1,1
27,0,1,1,1
25.66666667,0,1,1,1
27,0,1,1,1
27.66666667,0,1,1,1
24,0,0,1,1
22,0,0,1,1
22,0,0,1,1
24.66666667,0,0,1,1
27.33333333,0,0,1,1
24.66666667,0,0,1,1
27,0,1,1,1
23.66666667,0,1,1,1
22.33333333,3.333333333,1,1,1
22.66666667,6.666666667,4,1,1
24.33333333,5,7,1,1
24,5,8,1,1
25,5,13,1,1
28.33333333,1.666666667,15,1,1
28.33333333,5,15,1,1
30.66666667,8.333333333,16,1,1
29.33333333,10,16,1,1
32.33333333,16.66666667,21,1,1
32.33333333,10,21,1,1
33,10,25,1,1
34,3.333333333,28,1,1
33,11.66666667,29,1,1
31.33333333,13.33333333,32,1,1
29.33333333,11.66666667,34,1,1
28.66666667,13.33333333,34,1,1
28,15,38,1,1
29.33333333,6.666666667,36,1,1
27,8.333333333,37,1,1
28.66666667,11.66666667,36,1,1
29.66666667,13.33333333,37,1,1
29,11.66666667,39,1,1
32,8.333333333,34,1,1
34,16.66666667,36,1,1
32.33333333,10,37,1,1
29,3.333333333,33,1,1
28,8.333333333,28,1,1
25.33333333,16.66666667,24,1,1
24.66666667,11.66666667,28,1,1
22.33333333,6.666666667,27,1,1
22,8.333333333,26,1,1
24.33333333,6.666666667,27,1,1
23.66666667,0,25,1,1
25.33333333,8.333333333,28,1,1
23.33333333,6.666666667,22,1,1
21.66666667,5,19,1,1
20.33333333,3.333333333,19,1,1
20.66666667,3.333333333,14,1,1
21.33333333,3.333333333,14,1,1
24,3.333333333,10,1,1
23.33333333,1.666666667,12,1,1
25.66666667,5,11,1,1
28.66666667,1.666666667,10,1,1
27,0,9,1,1
27,0,7,1,1
26.66666667,0,6,1,1
27.33333333,0,4,1,1
26.66666667,3.333333333,6,1,1
25.66666667,0,3,1,1
25.66666667,1.666666667,3,1,1
26.33333333,0,3,1,1
26.33333333,1.666666667,3,1,1
28.66666667,1.666666667,0,1,1
30,0,4,1,1
28.66666667,0,4,1,1
25,0,3,1,1
28.33333333,1.666666667,3,1,1
29.66666667,0,3,1,1
28.33333333,0,3,0,1
25,0,1,0,1
29.66666667,0,-1,1,1
28.33333333,0,3,1,1
27,0,1,1,1
25.66666667,0,1,1,1
24.33333333,0,1,1,1
25,0,1,1,1
26.33333333,0,1,1,1
24.33333333,0,1,1,1
27,0,1,1,1
29,0,1,1,1
25,0,1,1,1
25,0,1,1,1
22.33333333,0,1,1,1
29,1.666666667,1,1,1
27.33333333,1.666666667,2,1,1
26.66666667,0,2,1,1
28.66666667,0,2,1,1
27,5,5,1,1
27,1.666666667,5,1,1
22.33333333,6.666666667,7,1,1
21,0,5,1,1
21.66666667,5,5,1,1
26.66666667,0,10,1,1
29,3.333333333,11,1,1
31,8.333333333,9,1,1
34.33333333,6.666666667,15,1,1
34,5.666666667,16,1,1
34,8.333333333,18,1,1
31.33333333,15,18,1,1
32,11.66666667,26,1,1
31.33333333,11.66666667,30,1,1
30,15,26,1,1
32.66666667,11.66666667,32,1,1
33,13.33333333,35,1,1
34.66666667,8.333333333,38,1,1
32,11.66666667,36,1,1
30,10,36,1,1
29.33333333,10,38,1,1
24.33333333,10,33,1,1
24,10,34,1,1
25.33333333,16.66666667,32,1,1
26,13.33333333,32,1,1
23.66666667,6.666666667,31,1,1
22,6.666666667,28,1,1
21,10,27,1,1
23.33333333,13.33333333,30,1,1
24.33333333,11.66666667,31,1,1
19.66666667,8.333333333,25,1,1
19,5,21,1,1
22.33333333,1.666666667,21,1,1
24.66666667,8.333333333,24,1,1
23,11.66666667,25,1,1
25.66666667,3.333333333,25,1,1
23,5,17,1,1
25,8.333333333,17,1,1
23,3.333333333,19,1,1
22.66666667,8.333333333,20,1,1
24.66666667,8.333333333,20,1,1
20.66666667,0,16,1,1
21,1.666666667,15,1,1
22.33333333,0,15,1,1
23.33333333,3.333333333,12,1,1
22.66666667,0,10,1,1
23.33333333,3.333333333,4,1,1
26.66666667,3.333333333,6,1,1
31.66666667,0,7,1,1
31.33333333,0,6,1,1
29,0,5,1,1
29.66666667,0,5,1,1
32.33333333,0,5,1,1
28,1.666666667,2,0,1
28,1.666666667,2,0,1
30.66666667,0,2,0,1
34.33333333,1.666666667,3,0,1
29,1.666666667,5,0,1
28.66666667,1.666666667,4,0,1
28.33333333,0,3,0,1
28.66666667,0,4,0,1
25,0,3,0,1
19.33333333,0,4,0,1
22.33333333,0,1,0,1
24.66666667,0,0,0,1
24,0,0,0,1
24,0,0,0,1
24,0,0,0,1
28.33333333,1.666666667,1,0,1
27,0,1,0,1
23,0,1,0,1
30,0,2,1,1
28,1.666666667,2,1,1
31.66666667,0,3,1,1
33,0,-1,1,1
32.66666667,0,2,1,1
31.33333333,0,2,1,1
28.33333333,3.333333333,3,1,1
30.66666667,1.666666667,6,1,1
29,0,5,1,1
32.33333333,8.333333333,9,1,1
31.66666667,3.333333333,9,1,1
31.33333333,0,10,1,1
31.33333333,3.333333333,12,1,1
29.66666667,8.333333333,11,1,1
30,3.333333333,14,1,1
26.33333333,6.666666667,13,1,1
24.33333333,3.333333333,13,1,1
30.33333333,8.333333333,13,1,1
29.33333333,8.333333333,14,1,1
33.66666667,15,19,1,1
32,13.33333333,20,1,1
32.66666667,5,20,1,1
35,9,23,1,1
31.33333333,11.66666667,28,1,1
30.66666667,8.333333333,32,1,1
28.66666667,10,28,1,1
27,10,27,1,1
27.66666667,13.33333333,29,1,1
28,13.33333333,30,1,1
29,8.333333333,31,1,1
27.66666667,20,29,1,1
31,6.666666667,35,1,1
30.66666667,8.333333333,34,1,1
32,11.66666667,36,1,1
32.66666667,6.666666667,34,1,1
31.33333333,6.666666667,32,1,1
31.33333333,8.333333333,32,1,1
27,3.333333333,23,1,1
27,6.666666667,23,1,1
32.66666667,10,24,1,1
31,5,21,1,1
29.33333333,5,20,1,1
27.66666667,6.666666667,17,1,1
29.66666667,11.66666667,19,1,1
26,6.666666667,22,1,1
22.66666667,10,22,1,1
19.66666667,6.666666667,21,1,1
23.66666667,5,23,1,1
24,8.333333333,24,1,1
22.66666667,1.666666667,20,1,1
23.66666667,0,15,1,1
22.66666667,1.666666667,12,1,1
20.33333333,1.666666667,9,1,1
20,0,10,0,1
68.66666667,85,148,0,0
89.66666667,16.66666667,105,0,0
78.33333333,1.666666667,33,0,0
43,0,5,0,0
16,0,0,0,0
1.333333333,0,0,0,0
1.333333333,0,0,0,0
7.333333333,0,0,0,0
16,0,0,0,0
27.33333333,0,0,0,0
40,0,0,0,0
50,0,0,0,0
43.33333333,0,0,0,0
38,0,0,0,0
38,0,0,0,0
28,0,0,0,0
22.33333333,0,1,0,0
18.66666667,0,0,0,0
22.66666667,0,0,0,0
30,0,0,0,0
38.66666667,0,0,0,0
40,0,0,0,0
34,0,0,0,0
30,0,0,0,0
23.33333333,0,0,0,0
22,0,0,0,0
23.33333333,0,0,0,0
33.33333333,0,0,0,0
46.66666667,0,0,0,0
49.33333333,0,0,0,0
40,5,0,0,0
42.66666667,88.33333333,26,0,0
55,166.6666667,97,0,0
62.33333333,80,145,0,0
44,23.33333333,114,0,0
16.33333333,5,41,0,0
6,0,10,0,0
2.666666667,0,2,0,0
6,0,0,0,0
10,0,0,0,0
21.33333333,0,0,0,0
35.66666667,0,-1,0,0
51.33333333,0,0,0,0
48,0,2,0,0
48,0,0,0,0
44,0,0,0,0
41.33333333,0,0,0,0
30,0,0,0,0
18.66666667,0,0,0,0
14.66666667,0,0,0,0
28.66666667,0,-2,0,0
38,0,0,0,0
38.66666667,0,0,0,0
29.33333333,0,0,0,0
20.66666667,0,0,0,0
28,0,0,0,0
28.66666667,0,0,0,0
24.66666667,0,0,0,0
35.33333333,0,0,0,0
41.33333333,0,0,0,0
54,0,0,0,0
42,0,0,0,0
31.66666667,0,3,0,0
20.66666667,8.333333333,2,0,0
36.66666667,108.3333333,44,0,0
51,133.3333333,105,0,0
60.33333333,83.33333333,143,0,0
41.33333333,28.33333333,106,0,0
19.33333333,5,48,0,0
7.333333333,0,14,0,0
3.333333333,0,2,0,0
6,0,0,0,0
9.333333333,0,0,0,0
18,0,0,0,0
34.66666667,0,0,0,0
47.33333333,0,0,0,0
51.33333333,0,0,0,0
40.66666667,0,0,0,0
38.66666667,0,0,0,0
40.66666667,0,0,0,0
32.66666667,0,0,0,0
25.33333333,0,0,0,0
21.33333333,0,0,0,0
26,0,0,0,0
33.33333333,0,0,0,0
34,0,0,0,0
35.66666667,0,1,0,0
34.66666667,0,0,0,0
28.66666667,0,0,0,0
26.66666667,0,0,0,0
22.66666667,0,0,0,0
24,0,0,0,0
34,0,0,0,0
45.33333333,0,0,0,0
47,0,-1,0,0
41.33333333,0,0,0,0
34,0,0,0,0
35,66.66666667,15,0,0
43,112.3333333,75,0,0
55.66666667,105,127,0,0
49.66666667,60,117,0,0
30.33333333,23.33333333,77,0,0
14.33333333,5,35,0,0
6,1.666666667,12,0,0
4.333333333,0,3,0,0
5,0,1,0,0
10,0,0,0,0
21.33333333,0,0,0,0
37,0,-1,0,0
52,0,0,0,0
46.33333333,0,-1,0,0
48,0,0,0,0
41.33333333,0,-2,0,0
40,0,0,0,0
28,0,0,0,0
21.33333333,0,0,0,0
21,0,-1,0,0
26,0,0,0,0
36,0,0,0,0
36,0,0,0,0
36.66666667,0,0,0,0
27.33333333,0,0,0,0
24.66666667,0,0,0,0
20,0,0,0,0
23.33333333,0,0,0,0
31.66666667,0,-3,0,0
43.33333333,0,0,0,0
53.33333333,0,0,0,0
45.33333333,0,0,0,0
33.33333333,0,0,0,0
33.33333333,16.66666667,4,0,0
33,60,31,0,0
40,135,76,0,0
46.66666667,85,108,0,0
38.66666667,35,82,0,0
25.33333333,13.33333333,54,0,0
11.33333333,5,22,0,0
6,0,8,0,0
4.666666667,0,2,0,0
12.66666667,0,0,0,0
21.33333333,0,0,0,0
34,0,0,0,0
38.66666667,0,0,0,0
45.33333333,0,0,0,0
48.66666667,0,0,0,0
46,0,0,0,0
36,0,0,0,0
27.33333333,0,0,0,0
26.66666667,0,0,0,0
20.66666667,0,0,0,0
21.33333333,0,0,0,0
30.66666667,0,0,0,0
35.33333333,0,0,0,0
38.66666667,0,0,0,0
31.66666667,0,-1,0,0
28.66666667,0,0,0,0
27.33333333,0,0,0,0
24,0,0,0,0
30,0,0,0,0
32.33333333,0,1,0,0
33,0,-1,0,0
38,0,0,0,0
40.66666667,0,0,0,0
44.33333333,13.33333333,5,0,0
41,53.33333333,25,0,0
48.66666667,94,68,0,0
46,81.66666667,96,0,0
44.66666667,68.33333333,104,0,0
31.33333333,25,84,0,0
19.66666667,18.33333333,53,0,0
8.666666667,6.666666667,18,0,0
7,0,9,0,0
9.333333333,0,2,0,0
10.66666667,0,0,0,0
17.33333333,0,0,0,0
31,0,-1,0,0
45.33333333,0,0,0,0
48.66666667,0,0,0,0
49.33333333,0,0,0,0
43.33333333,0,0,0,0
30.66666667,0,0,0,0
29.33333333,0,0,0,0
28.66666667,0,0,0,0
27.33333333,0,0,0,0
24.66666667,0,0,0,0
29.33333333,0,0,0,0
32,0,0,0,0
36,0,0,0,0
30,0,0,0,0
27.33333333,0,0,0,0
24,0,-2,0,0
23.33333333,0,0,0,0
25.33333333,0,0,0,0
28.66666667,0,0,0,0
35,0,1,0,0
39.33333333,0,0,0,0
35,1.666666667,1,0,0
40.66666667,25,12,0,0
46,60,32,0,0
53.66666667,83.33333333,61,0,0
51.66666667,81.66666667,87,0,0
48,68.33333333,94,0,0
31.33333333,21.66666667,76,0,0
20.66666667,20,50,0,0
10,3.333333333,16,0,0
10.66666667,1.666666667,10,0,0
14.33333333,1.666666667,3,0,0
16.33333333,0,1,0,0
26,0,0,0,0
28,0,0,0,0
34.66666667,0,0,0,0
40.66666667,0,0,0,0
48.66666667,0,0,0,0
47.66666667,0,-1,0,0
40.66666667,0,6,0,0
32,0,0,0,0
32,0,0,0,0
28.66666667,0,0,0,0
30,0,0,0,0
22.66666667,0,0,0,0
18.66666667,0,0,0,0
24.66666667,0,0,0,0
25.33333333,0,0,0,0
33.33333333,0,0,0,0
40.66666667,0,0,0,0
49.33333333,0,0,0,0
46,0,0,0,0
39.33333333,0,0,0,0
36.66666667,0,0,0,0
29,0,1,0,0
26.33333333,5,3,0,0
28.66666667,35,18,0,0
37.33333333,76.66666667,38,0,0
47.66666667,80,71,0,0
47.66666667,80,83,0,0
41.33333333,55,90,0,0
32,20,66,0,0
20.66666667,15,36,0,0
13,3.333333333,13,0,0
14.33333333,1.666666667,7,0,0
12,0,2,0,0
16.66666667,0,-2,0,0
23.33333333,0,0,0,0
32,0,0,0,0
35.33333333,0,-2,0,0
47.33333333,0,0,0,0
53.33333333,0,0,0,0
47.33333333,0,0,0,0
38,0,0,0,0
34,0,0,0,0
29.33333333,0,-2,0,0
23.33333333,0,0,0,0
24,0,0,0,0
23.33333333,0,0,0,0
28,0,0,0,0
28,0,0,0,0
33.33333333,0,0,0,0
34,0,0,0,0
38,0,0,0,0
45.33333333,0,0,0,0
44.66666667,0,0,0,0
34.66666667,0,0,0,0
30,0,0,0,0
29,3.333333333,1,0,0
33.33333333,8.333333333,4,0,0
36,31.66666667,18,0,0
37,70,49,0,0
41.66666667,80,75,0,0
46,76.66666667,94,0,0
37,41.33333333,75,0,0
30.33333333,31.66666667,63,0,0
21.33333333,15,34,0,0
15.66666667,3.333333333,19,0,0
12.33333333,1.666666667,7,0,0
15,0,3,0,0
18.33333333,0,1,0,0
20,0,0,0,0
19.33333333,0,0,0,0
26.66666667,0,0,0,0
36,0,0,0,0
52,0,0,0,0
51.33333333,0,0,0,0
55,0,-1,0,0
42.66666667,0,-2,0,0
33.33333333,0,0,0,0
25.33333333,0,0,0,0
21.33333333,0,0,0,0
21.33333333,0,0,0,0
28.66666667,0,0,0,0
35.33333333,0,0,0,0
40,0,0,0,0
36.66666667,0,2,0,0
36.66666667,0,0,0,0
33.33333333,0,0,0,0
36,0,0,0,0
34.66666667,0,0,0,0
35.33333333,0,0,0,0
33.66666667,1.666666667,-1,0,0
32.33333333,13.33333333,5,0,0
38.33333333,41.66666667,19,0,0
50.66666667,65,42,0,0
51,85.66666667,67,0,0
50.33333333,66.66666667,83,0,0
39.33333333,41.66666667,74,0,0
28.33333333,26.66666667,57,0,0
22,16.66666667,34,0,0
18.66666667,8.333333333,20,0,0
18.33333333,1.666666667,9,0,0
21.33333333,0,4,0,0
23,0,1,0,0
28,0,0,0,0
35.33333333,0,0,0,0
43.33333333,0,0,0,0
44,0,0,0,0
38,0,0,0,0
42,0,0,0,0
42,0,0,0,0
36,0,0,0,0
29.33333333,0,0,0,0
27,0,-1,0,0
30.33333333,0,-3,0,0
31.33333333,0,0,0,0
31.33333333,0,0,0,0
32.66666667,0,0,0,0
35,0,-3,0,0
38,0,2,0,0
33.66666667,0,-3,0,0
34.66666667,0,0,0,0
35.66666667,0,1,0,0
37.33333333,0,0,0,0
37.66666667,1.666666667,1,0,0
39,6.666666667,3,0,0
39.66666667,21.66666667,11,0,0
40.66666667,46.66666667,26,0,0
46,71.66666667,56,0,0
47.66666667,73.33333333,69,0,0
39.66666667,48.33333333,75,0,0
38,50,70,0,0
26.66666667,31.66666667,52,0,0
25.66666667,11.66666667,35,0,0
19.33333333,5,18,0,0
20,0,6,0,0
19.33333333,0,2,0,0
25.33333333,0,0,0,0
28.66666667,0,0,0,0
40,0,0,0,0
37.33333333,0,0,0,0
43.66666667,0,1,0,0
40.33333333,0,-1,0,0
42.66666667,0,0,0,0
40.66666667,0,0,0,0
32.66666667,0,0,0,0
29.33333333,0,0,0,0
30.66666667,0,0,0,0
31.33333333,0,0,0,0
29.33333333,0,0,0,0
34,0,0,0,0
30,0,0,0,0
26,0,0,0,0
19.33333333,0,0,0,0
20.66666667,0,0,0,0
25.33333333,0,0,0,0
27.33333333,0,0,0,0
32.66666667,0,0,0,0
41,0,1,0,0
40,11.66666667,4,0,0
38.66666667,26.66666667,14,0,0
46.33333333,53.33333333,35,0,0
45.33333333,66.66666667,58,0,0
48,63.33333333,76,0,0
41.33333333,55,74,0,0
32.33333333,48.33333333,61,0,0
26.66666667,23.33333333,48,0,0
21.33333333,13.33333333,36,0,0
16,5,18,0,0
15.66666667,0,5,0,0
23,0,1,0,0
27.33333333,0,0,0,0
33.33333333,0,0,0,0
38.33333333,0,-1,0,0
36.66666667,0,0,0,0
40.66666667,0,0,0,0
40,0,0,0,0
38.66666667,0,0,0,0
38.66666667,0,0,0,0
38,0,0,0,0
34,0,0,0,0
26.66666667,0,0,0,0
23,0,1,0,0
24.66666667,0,0,0,0
27.33333333,0,0,0,0
31.33333333,0,0,0,0
34.66666667,0,0,0,0
39.33333333,0,0,0,0
42,0,0,0,0
40.66666667,0,0,0,0
37.33333333,0,0,0,0
40,0,0,0,0
36.66666667,3.333333333,2,0,0
29.66666667,13.33333333,7,0,0
28.33333333,30,19,0,0
34.66666667,60,38,0,0
37.66666667,51.66666667,55,0,0
43.66666667,66.66666667,73,0,0
39,56.66666667,73,0,0
31.66666667,35,63,0,0
25.66666667,28.33333333,51,0,0
21.66666667,13.33333333,33,0,0
17.33333333,5,20,0,0
16.66666667,1.666666667,8,0,0
19.66666667,1.666666667,3,0,0
27.33333333,0,-2,0,0
34.66666667,0,0,0,0
42,0,0,0,0
37.33333333,0,0,0,0
40.66666667,0,0,0,0
39.33333333,0,0,0,0
42.66666667,0,0,0,0
34.66666667,0,0,0,0
32.66666667,0,0,0,0
30.66666667,0,0,0,0
32,0,0,0,0
30,0,0,0,0
26.66666667,0,2,0,0
28.66666667,0,0,0,0
33.33333333,0,0,0,0
38,0,0,0,0
36.66666667,0,0,0,0
40,0,0,0,0
38.66666667,0,0,0,0
38.66666667,0,0,0,0
37.33333333,0,0,0,0
35.66666667,5,1,0,0
33.66666667,18.33333333,5,0,0
37,31.66666667,21,0,0
39.33333333,56.66666667,38,0,0
39,49.33333333,55,0,0
39,56.66666667,69,0,0
35.33333333,49.33333333,66,0,0
30,46.66666667,58,0,0
23.66666667,28.33333333,45,0,0
15.66666667,11.66666667,33,0,0
11.66666667,8.333333333,19,0,0
7.666666667,1.666666667,7,0,0
8.666666667,0,2,0,0
11.33333333,0,0,0,0
20,0,0,0,0
32,0,0,0,0
42.66666667,0,0,0,0
48,0,0,0,0
44,0,0,0,0
37.33333333,0,0,0,0
33.33333333,0,0,0,0
24.66666667,0,0,0,0
21.66666667,0,1,0,0
15.66666667,0,1,0,0
21.33333333,0,0,0,0
24,0,0,0,0
26.66666667,0,0,0,0
30,0,0,0,0
33.33333333,0,-4,0,0
32.66666667,0,0,0,0
35.33333333,0,0,0,0
32,0,0,0,0
34.66666667,0,0,0,0
27,1.666666667,1,0,0
27,11.66666667,5,0,0
33,21.66666667,13,0,0
36.66666667,35,28,0,0
37.66666667,50,41,0,0
38.66666667,58.33333333,64,0,0
39.33333333,61.66666667,74,0,0
35.66666667,41.66666667,73,0,0
26.66666667,40,60,0,0
19.66666667,16.66666667,43,0,0
14.33333333,20,31,0,0
13.33333333,6.666666667,16,0,0
11.66666667,3.333333333,11,0,0
11,0,3,0,0
16.33333333,0,1,0,0
24,0,-2,0,0
41.33333333,0,0,0,0
44,0,0,0,0
46.66666667,0,0,0,0
33.33333333,0,0,0,0
33.33333333,0,0,0,0
32.66666667,0,0,0,0
24,0,0,0,0
21.33333333,0,0,0,0
18,0,0,0,0
19.33333333,0,0,0,0
24,0,0,0,0
29.33333333,0,0,0,0
30.66666667,0,0,0,0
32.66666667,0,0,0,0
32,0,0,0,0
33.33333333,0,-4,0,0
32.66666667,0,0,0,0
32,0,0,0,0
27.33333333,1.666666667,0,0,0
31.33333333,15,4,0,0
33.66666667,15,15,0,0
36.66666667,41.66666667,30,0,0
40.33333333,50,41,0,0
39.33333333,50,54,0,0
38.33333333,51.66666667,59,0,0
34.33333333,51.66666667,63,0,0
28.33333333,26.66666667,59,0,0
21.33333333,36.66666667,48,0,0
13.66666667,3.333333333,31,0,0
12.33333333,13.33333333,23,0,0
10,1.666666667,6,0,0
15.66666667,0,7,0,0
19.33333333,0,0,0,0
28,0,0,0,0
36.66666667,0,0,0,0
42,0,0,0,0
37.33333333,0,0,0,0
35.66666667,0,3,0,0
34,0,0,0,0
34.66666667,0,0,0,0
23.33333333,0,0,0,0
23.33333333,0,0,0,0
19.33333333,0,0,0,0
22,0,0,0,0
18.66666667,0,0,0,0
26,0,0,0,0
32,0,0,0,0
32.66666667,0,2,0,0
35.33333333,0,0,0,0
30.66666667,0,0,0,0
38.66666667,0,0,0,0
36.66666667,0,0,0,0
38,3.333333333,0,0,0
35.33333333,13.33333333,4,0,0
39,26.66666667,19,0,0
37.66666667,33.33333333,29,0,0
40,56.66666667,46,0,0
41.33333333,40,52,0,0
36,50,58,0,0
34.33333333,51.66666667,55,0,0
33.66666667,35,55,0,0
32.33333333,26.66666667,41,0,0
28.33333333,11.66666667,25,0,0
24.33333333,8.333333333,15,0,0
24.33333333,3.333333333,9,0,0
27.66666667,0,5,0,0
30.33333333,0,1,0,0
35.33333333,0,-2,0,0
41.66666667,0,1,0,0
46.66666667,0,0,0,0
40,0,0,0,0
42,0,0,0,0
38,0,0,0,0
34,0,0,0,0
30.66666667,0,0,0,0
35.33333333,0,0,0,0
34.66666667,0,0,0,0
31.33333333,0,0,0,0
31.33333333,0,0,0,0
36,0,0,0,0
36,0,0,0,0
40.66666667,0,0,0,0
42.66666667,0,0,0,0
44,0,0,0,0
36,0,0,0,0
28.66666667,0,0,0,0
29.33333333,8.333333333,2,0,0
30,6.666666667,6,0,0
40,30,16,0,0
45,40,31,0,0
50.33333333,41.66666667,43,0,0
42.33333333,46.66666667,45,0,0
41.33333333,56.66666667,52,0,0
36,46.66666667,58,0,0
32.66666667,31.66666667,54,0,0
28.66666667,16.66666667,42,0,0
26.66666667,20,28,0,0
28.33333333,10,17,0,0
29.66666667,1.666666667,13,0,0
29,0,3,0,0
31.66666667,0,-1,0,0
33,0,-3,0,0
39.33333333,0,0,0,0
38.66666667,0,2,0,0
42,0,0,0,0
43.33333333,0,0,0,0
38.66666667,0,0,0,0
40,0,0,0,0
38.66666667,0,0,0,0
34,0,0,0,0
31.33333333,0,0,0,0
33.33333333,0,0,0,0
32.66666667,0,0,0,0
34,0,0,0,0
32,0,0,0,0
36.66666667,0,-2,0,0
42,0,-4,0,0
42.66666667,0,0,0,0
43.33333333,0,0,0,0
37,0,-1,0,0
35,8.333333333,3,0,0
37,13.33333333,9,0,0
42,33.33333333,20,0,0
43.66666667,36.66666667,35,0,0
37.66666667,40,47,0,0
36.66666667,53.33333333,56,0,0
39,50,63,0,0
35.66666667,41.66666667,69,0,0
27,38.33333333,59,0,0
18.66666667,18.33333333,46,0,0
15.33333333,18.33333333,32,0,0
14.33333333,10,19,0,0
15.33333333,0,14,0,0
20.33333333,0,3,0,0
18.66666667,0,0,0,0
26,0,0,0,0
29.33333333,0,0,0,0
40.66666667,0,0,0,0
39,0,3,0,0
42,0,0,0,0
38.66666667,0,0,0,0
37.33333333,0,0,0,0
36,0,0,0,0
26.66666667,0,0,0,0
24,0,0,0,0
20.66666667,0,0,0,0
26,0,0,0,0
32,0,0,0,0
34,0,0,0,0
31.33333333,0,0,0,0
26.66666667,0,0,0,0
21.33333333,0,0,0,0
24.66666667,0,0,0,0
30,1.666666667,0,0,0
39,10,3,0,0
39.33333333,11.66666667,10,0,0
43.33333333,38.33333333,22,0,0
48.33333333,25,31,0,0
49.33333333,53.33333333,46,0,0
43,53.33333333,51,0,0
43.33333333,56.66666667,70,0,0
37.66666667,40,67,0,0
29.33333333,28.33333333,54,0,0
22.66666667,25,42,0,0
17.33333333,18.33333333,26,0,0
18,5,22,0,0
18.66666667,1.666666667,10,0,0
18,1.666666667,4,0,0
20.33333333,0,1,0,0
27.66666667,0,1,0,0
30.66666667,0,0,0,0
34.66666667,0,0,0,0
38.66666667,0,0,0,0
35.33333333,0,0,0,0
32.66666667,0,0,0,0
38.66666667,0,0,0,0
36.66666667,0,0,0,0
26.66666667,0,2,0,0
26.66666667,0,0,0,0
30.66666667,0,0,0,0
29,0,1,0,0
26.66666667,0,0,0,0
27.33333333,0,0,0,0
27,0,-1,0,0
23.33333333,0,0,0,0
26.66666667,0,0,0,0
29,0,-1,0,0
30.66666667,1.666666667,0,0,0
35,5,3,0,0
40.66666667,25,12,0,0
48,28.33333333,20,0,0
42.66666667,35,34,0,0
42.66666667,48,34,0,0
40.66666667,45,50,0,0
43.33333333,59.33333333,66,0,0
35.66666667,41.66666667,69,0,0
30,26.66666667,62,0,0
23,23.33333333,41,0,0
18.66666667,18.33333333,24,0,0
17.66666667,6.666666667,17,0,0
19.33333333,1.666666667,12,0,0
22,0,4,0,0
25,0,1,0,0
27.33333333,0,0,0,0
33.33333333,0,-2,0,0
38.66666667,0,0,0,0
33.33333333,0,0,0,0
30,0,0,0,0
33.33333333,0,0,0,0
35.33333333,0,0,0,0
31.33333333,0,0,0,0
25.33333333,0,0,0,0
23.33333333,0,0,0,0
19.33333333,0,0,0,0
16.66666667,0,0,0,0
20,0,0,0,0
24.66666667,0,0,0,0
30.66666667,0,0,0,0
31.33333333,0,0,0,0
33.33333333,0,-2,0,0
36,0,0,0,0
38,1.666666667,0,0,0
45.33333333,6.666666667,2,0,0
46.66666667,26.66666667,14,0,0
36.66666667,26.66666667,24,0,0
32.33333333,36.66666667,39,0,0
33.33333333,40,42,0,0
34,61.66666667,50,0,0
37,45,63,0,0
37.33333333,48.33333333,64,0,0
32.33333333,26.66666667,49,0,0
28,21.66666667,34,0,0
22,13.33333333,24,0,0
17.33333333,6.666666667,14,0,0
21,1.666666667,11,0,0
25.66666667,0,3,0,0
29.66666667,0,1,0,0
32.66666667,0,0,0,0
38.66666667,0,0,0,0
39.33333333,0,-2,0,0
42,0,0,0,0
34.66666667,0,0,0,0
36,0,0,0,0
34.66666667,0,0,0,0
34.33333333,0,3,0,0
29.33333333,0,-2,0,0
28.66666667,0,0,0,0
30.66666667,0,0,0,0
37.33333333,0,0,0,0
36.33333333,0,-1,0,0
29.33333333,0,0,0,0
36,0,0,0,0
38,0,0,0,0
36.66666667,0,0,0,0
24.66666667,0,0,0,0
29.33333333,0,0,0,0
40.66666667,16.66666667,4,0,0
42,21.66666667,12,0,0
47.66666667,33.33333333,29,0,0
39.66666667,33.33333333,33,0,0
42.66666667,45,44,0,0
37.33333333,51.66666667,50,0,0
40.66666667,46.66666667,62,0,0
35.33333333,41.66666667,60,0,0
32,36.66666667,52,0,0
24.66666667,16.66666667,36,0,0
25.33333333,18.33333333,28,0,0
21.33333333,3.333333333,16,0,0
23,1.666666667,11,0,0
27.33333333,0,2,0,0
29.33333333,0,0,0,0
28.66666667,0,0,0,0
39.33333333,0,0,0,0
45.66666667,0,-1,0,0
45.33333333,0,0,0,0
39.66666667,0,-3,0,0
33.33333333,0,0,0,0
35.33333333,0,0,0,0
33.33333333,0,0,0,0
28,0,2,0,0
24,0,0,0,0
28.66666667,0,0,0,0
36.66666667,0,0,0,0
39.66666667,0,-1,0,0
35.33333333,0,0,0,0
38.66666667,0,0,0,0
33.33333333,0,2,0,0
30.66666667,0,0,0,0
24,0,0,0,0
30.66666667,3.333333333,0,0,0
37.33333333,18.33333333,8,0,0
50.66666667,26.66666667,12,0,0
46.33333333,25,25,0,0
39.66666667,38,31,0,0
36.33333333,48.33333333,41,0,0
38.33333333,46.66666667,49,0,0
33.33333333,48.33333333,58,0,0
32.66666667,38.33333333,60,0,0
28.33333333,31.66666667,51,0,0
23.33333333,25,38,0,0
26.33333333,8.333333333,25,0,0
25,8.333333333,15,0,0
30,1.666666667,6,0,0
25.33333333,0,4,0,0
29.33333333,0,0,0,0
32,0,0,0,0
43.33333333,0,0,0,0
41.33333333,0,0,0,0
39.33333333,0,-2,0,0
42.66666667,0,0,0,0
38.66666667,0,0,0,0
36.66666667,0,0,0,0
27.33333333,0,0,0,0
29,0,1,0,0
32.66666667,0,0,0,0
0,0,0,0,0
0,0,0,0,0
0,0,0,0,0
28.33333333,248.3333333,85,0,0
63.66666667,96,155,0,0
89.33333333,15,106,0,0
77.66666667,1.666666667,35,0,0
54.33333333,0,5,0,0
13,0,1,0,0
1.333333333,0,0,0,0
0,0,0,0,0
2.666666667,0,0,0,0
11.33333333,0,0,0,0
26,0,0,0,0
32,0,0,0,0
36.66666667,0,-2,0,0
43.33333333,0,-4,0,0
59.33333333,0,0,0,0
61.33333333,0,0,0,0
43.33333333,0,4,0,0
26,0,0,0,0
18.33333333,0,-1,0,0
16,0,0,0,0
15.33333333,0,0,0,0
17.33333333,0,0,0,0
24,0,0,0,0
28.66666667,0,0,0,0
30,0,0,0,0
42.66666667,0,0,0,0
47,0,-3,0,0
49.33333333,0,0,0,0
42,0,0,0,0
32.66666667,0,0,0,0
21.66666667,0,-1,0,0
27.33333333,0,0,0,0
23.33333333,0,0,0,0
34.66666667,123.3333333,34,0,0
53.66666667,151.6666667,105,0,0
64,51.66666667,158,0,0
37.66666667,15,97,0,0
14.66666667,1.666666667,34,0,0
4.333333333,0,7,0,0
2.666666667,0,2,0,0
6.333333333,0,1,0,0
11.33333333,0,0,0,0
20.66666667,0,0,0,0
22,0,0,0,0
28.66666667,0,0,0,0
39.66666667,0,1,0,0
55.33333333,0,0,0,0
57.33333333,0,-2,0,0
49.33333333,0,0,0,0
33.33333333,0,0,0,0
25.66666667,0,-1,0,0
21,0,-1,0,0
16,0,0,0,0
15.66666667,0,1,0,0
23.33333333,0,0,0,0
28,0,0,0,0
33.33333333,0,0,0,0
41.66666667,0,1,0,0
46.66666667,0,0,0,0
41.33333333,0,0,0,0
36,0,0,0,0
33.33333333,0,0,0,0
24,0,0,0,0
25.33333333,0,0,0,0
23.33333333,0,0,0,0
26.33333333,60,11,0,0
48.33333333,138.3333333,73,0,0
59.66666667,113.3333333,129,0,0
52,40,126,0,0
25.66666667,10,73,0,0
8.666666667,3.333333333,20,0,0
4.333333333,0,7,0,0
4,0,2,0,0
7.333333333,0,0,0,0
16.66666667,0,0,0,0
31.33333333,0,0,0,0
36.66666667,0,0,0,0
38.66666667,0,0,0,0
40.33333333,0,1,0,0
42.66666667,0,0,0,0
37.33333333,0,0,0,0
38.66666667,0,0,0,0
32,0,0,0,0
32.66666667,0,0,0,0
23.33333333,0,0,0,0
22,0,0,0,0
20.66666667,0,0,0,0
16,0,0,0,0
24,0,0,0,0
30.66666667,0,0,0,0
36.66666667,0,-2,0,0
41.33333333,0,0,0,0
37,0,-3,0,0
33.33333333,0,0,0,0
33.66666667,0,-1,0,0
33,0,-1,0,0
28.66666667,0,0,0,0
22.66666667,36.66666667,6,0,0
40.66666667,110,48,0,0
56,121.6666667,100,0,0
57.66666667,70,119,0,0
38.33333333,20,85,0,0
19.66666667,6.666666667,41,0,0
6.333333333,0,11,0,0
3.333333333,3.333333333,4,0,0
5.333333333,0,2,0,0
11,0,1,0,0
22.66666667,0,0,0,0
27.33333333,0,0,0,0
29.33333333,0,0,0,0
37.33333333,0,0,0,0
45.33333333,0,0,0,0
42,0,0,0,0
40.66666667,0,0,0,0
43.33333333,0,0,0,0
36.66666667,0,0,0,0
29.33333333,0,0,0,0
24,0,0,0,0
18.66666667,0,0,0,0
17.33333333,0,0,0,0
18,0,0,0,0
24.33333333,0,-1,0,0
29.33333333,0,0,0,0
39.33333333,0,0,0,0
38.66666667,0,0,0,0
41.33333333,0,0,0,0
33.33333333,0,0,0,0
31.33333333,0,0,0,0
30,0,0,0,0
36,0,2,0,0
28.33333333,23.33333333,7,0,0
34.33333333,100,39,0,0
45.66666667,113.3333333,91,0,0
52.33333333,80,125,0,0
41,31.66666667,99,0,0
21.33333333,10,50,0,0
9.666666667,5,21,0,0
5.333333333,3.333333333,8,0,0
5.666666667,0,3,0,0
9.666666667,0,1,0,0
22,0,0,0,0
29.33333333,0,0,0,0
31.33333333,0,0,0,0
34,0,0,0,0
42.66666667,0,0,0,0
44.66666667,0,0,0,0
43.33333333,0,0,0,0
41.33333333,0,0,0,0
40,0,0,0,0
30.66666667,0,0,0,0
20,0,0,0,0
12.66666667,0,0,0,0
16.66666667,0,0,0,0
23.33333333,0,0,0,0
31.33333333,0,0,0,0
40,0,4,0,0
42.66666667,0,0,0,0
40,0,0,0,0
39,0,1,0,0
39.33333333,0,0,0,0
38.66666667,0,0,0,0
36,3.333333333,0,0,0
27,21.66666667,7,0,0
30.33333333,75,33,0,0
46.33333333,105,77,0,0
54.33333333,88.33333333,107,0,0
47,41.66666667,91,0,0
28,18.33333333,56,0,0
18,8.333333333,30,0,0
13.66666667,3.333333333,13,0,0
16,0,6,0,0
22.66666667,0,2,0,0
27.33333333,0,0,0,0
28.33333333,0,1,0,0
30,0,2,0,0
35.33333333,0,0,0,0
38.66666667,0,0,0,0
46.66666667,0,0,0,0
49.33333333,0,0,0,0
51.33333333,0,4,0,0
38.66666667,0,0,0,0
30.66666667,0,0,0,0
27.33333333,0,0,0,0
23.33333333,0,0,0,0
24.66666667,0,0,0,0
27.33333333,0,0,0,0
34,0,0,0,0
35.33333333,0,0,0,0
40.66666667,0,0,0,0
39.66666667,0,1,0,0
41.33333333,0,0,0,0
41.33333333,0,0,0,0
42.66666667,0,0,0,0
34.66666667,0,0,0,0
28,0,0,0,0
32.33333333,3.333333333,1,0,0
39,40,11,0,0
44.66666667,85,34,0,0
55,96.66666667,83,0,0
51,78.33333333,99,0,0
38.66666667,33,80,0,0
26.33333333,16.66666667,53,0,0
16,11.66666667,30,0,0
14.66666667,0,14,0,0
17,0,7,0,0
22,0,0,0,0
29.33333333,0,0,0,0
34,0,0,0,0
37,0,-1,0,0
34,0,0,0,0
36,0,-2,0,0
46.33333333,0,-1,0,0
54,0,0,0,0
47.33333333,0,0,0,0
38.66666667,0,0,0,0
26,0,0,0,0
27,0,1,0,0
24,0,0,0,0
24,0,0,0,0
26.66666667,0,0,0,0
34.33333333,0,1,0,0
32.66666667,0,-4,0,0
38,0,0,0,0
40.33333333,0,1,0,0
42.33333333,0,-1,0,0
42,0,0,0,0
37.33333333,0,0,0,0
28.66666667,0,0,0,0
30,0,0,0,0
35,20,5,0,0
39.33333333,38.33333333,18,0,0
44.66666667,91.66666667,50,0,0
46.33333333,90,87,0,0
45.33333333,63.33333333,102,0,0
33.66666667,36.66666667,81,0,0
20,16.66666667,48,0,0
13,8.333333333,31,0,0
9,1.666666667,15,0,0
10.33333333,0,5,0,0
21.66666667,0,1,0,0
39.33333333,0,0,0,0
51.33333333,0,-2,0,0
54.33333333,0,1,0,0
41.33333333,0,0,0,0
35.33333333,0,0,0,0
28,0,0,0,0
32.66666667,0,0,0,0
32,0,0,0,0
35.33333333,0,0,0,0
38.66666667,0,0,0,0
40.66666667,0,0,0,0
40.66666667,0,0,0,0
38,0,0,0,0
36,0,0,0,0
28,0,0,0,0
26.66666667,0,0,0,0
28.66666667,0,0,0,0
32,0,0,0,0
36.66666667,0,0,0,0
38,0,0,0,0
45.66666667,0,3,0,0
46,0,0,0,0
42.33333333,5,1,0,0
37.66666667,23.33333333,9,0,0
48.66666667,51.66666667,30,0,0
53.33333333,76.66666667,56,0,0
49,90,87,0,0
44,61.66666667,98,0,0
35.66666667,33.33333333,77,0,0
23.33333333,16.66666667,42,0,0
17,6.666666667,25,0,0
10,3.333333333,12,0,0
15.33333333,0,4,0,0
27,0,-1,0,0
41.33333333,0,0,0,0
47.33333333,0,0,0,0
51.33333333,0,0,0,0
41.33333333,0,0,0,0
34,0,0,0,0
24.66666667,0,0,0,0
34.66666667,0,0,0,0
37.33333333,0,0,0,0
43.33333333,0,0,0,0
41.66666667,0,1,0,0
40.66666667,0,0,0,0
39.33333333,0,0,0,0
34.66666667,0,0,0,0
32,0,0,0,0
30.66666667,0,0,0,0
26,0,0,0,0
28,0,0,0,0
35.66666667,0,-1,0,0
37.33333333,0,0,0,0
45.33333333,0,0,0,0
39.33333333,0,0,0,0
42,1.666666667,0,0,0
41.33333333,6.666666667,2,0,0
43.66666667,20,9,0,0
45.33333333,63.33333333,28,0,0
44.66666667,67.66666667,62,0,0
49.66666667,90,85,0,0
38.33333333,53.33333333,81,0,0
34.33333333,38.33333333,81,0,0
22.66666667,8.333333333,48,0,0
15,6.666666667,27,0,0
12.66666667,3.333333333,10,0,0
20.66666667,0,6,0,0
31.66666667,0,1,0,0
40.66666667,0,0,0,0
44,0,0,0,0
50.66666667,0,0,0,0
43.33333333,0,0,0,0
32,0,0,0,0
29.33333333,0,0,0,0
34.66666667,0,0,0,0
31.33333333,0,0,0,0
24.66666667,0,0,0,0
12.66666667,0,0,0,0
14.66666667,0,0,0,0
22,0,0,0,0
33.33333333,0,0,0,0
34.66666667,0,0,0,0
42,0,0,0,0
38.66666667,0,0,0,0
39.66666667,0,3,0,0
32.66666667,0,0,0,0
31.33333333,0,0,0,0
25.33333333,0,0,0,0
22.33333333,0,-1,0,0
23,3.333333333,1,0,0
27.33333333,15,6,0,0
30.66666667,30,18,0,0
37.66666667,60,39,0,0
44,71.66666667,58,0,0
47,72,77,0,0
39.66666667,45,77,0,0
34,40,66,0,0
23,15,43,0,0
17.66666667,8.333333333,29,0,0
11.33333333,1.666666667,12,0,0
10.66666667,0,6,0,0
10.66666667,0,2,0,0
16.66666667,0,0,0,0
24,0,0,0,0
34.66666667,0,0,0,0
42.66666667,0,0,0,0
50.33333333,0,1,0,0
48,0,0,0,0
42,0,0,0,0
34.33333333,0,-1,0,0
24.66666667,0,0,0,0
23.33333333,0,0,0,0
18,0,0,0,0
18,0,0,0,0
28.33333333,0,1,0,0
28.33333333,0,-1,0,0
28.66666667,0,4,0,0
31,0,-1,0,0
38.66666667,0,0,0,0
44,0,0,0,0
39,0,1,0,0
33.33333333,0,2,0,0
34.66666667,1.666666667,0,0,0
33.66666667,3.333333333,1,0,0
34,13.33333333,6,0,0
30,38.33333333,18,0,0
32.66666667,48.33333333,40,0,0
35.33333333,70,60,0,0
39.33333333,70,78,0,0
37.66666667,65,85,0,0
32,25,74,0,0
23,16.66666667,49,0,0
15.66666667,11.66666667,25,0,0
12,5,16,0,0
11.33333333,0,8,0,0
12.66666667,0,2,0,0
19,0,-1,0,0
28.66666667,0,0,0,0
31,0,-1,0,0
37.33333333,0,0,0,0
45.33333333,0,0,0,0
47,0,-1,0,0
44.66666667,0,0,0,0
39.33333333,0,0,0,0
28,0,0,0,0
22,0,0,0,0
20.66666667,0,0,0,0
22,0,0,0,0
19,0,-1,0,0
24.66666667,0,0,0,0
28,0,0,0,0
33,0,-1,0,0
34.66666667,0,-2,0,0
40.33333333,0,-5,0,0
38,0,0,0,0
42,0,0,0,0
33.33333333,0,0,0,0
28,6.666666667,2,0,0
30.66666667,11.66666667,8,0,0
29.33333333,35,20,0,0
32,51.33333333,40,0,0
31.33333333,65,64,0,0
34.33333333,59,75,0,0
34.33333333,66.66666667,83,0,0
28,23.33333333,68,0,0
26.33333333,21.66666667,55,0,0
17.33333333,13.33333333,28,0,0
16,3.333333333,18,0,0
14.66666667,0,8,0,0
15.33333333,0,2,0,0
24,0,0,0,0
29.33333333,0,0,0,0
40,0,0,0,0
38,0,0,0,0
44.66666667,0,0,0,0
40,0,0,0,0
36.33333333,0,3,0,0
27,0,-1,0,0
27.66666667,0,1,0,0
29.33333333,0,0,0,0
28,0,0,0,0
30,0,0,0,0
31.33333333,0,0,0,0
36,0,0,0,0
40,0,0,0,0
31,0,1,0,0
25.33333333,0,0,0,0
32,0,0,0,0
32,0,0,0,0
32,0,0,0,0
27.66666667,3.333333333,1,0,0
36,6.666666667,4,0,0
43.33333333,21.66666667,10,0,0
45,40,27,0,0
44,55,42,0,0
43.66666667,53.33333333,61,0,0
40.66666667,71.66666667,64,0,0
39.66666667,46.66666667,75,0,0
30.66666667,25,64,0,0
20.66666667,21.66666667,44,0,0
17.66666667,13.33333333,29,0,0
16,3.333333333,20,0,0
16.66666667,0,8,0,0
15.66666667,0,1,0,0
27.33333333,0,0,0,0
38.66666667,0,0,0,0
48.66666667,0,0,0,0
41.33333333,0,0,0,0
37.33333333,0,0,0,0
33.33333333,0,0,0,0
37,0,-1,0,0
29.33333333,0,0,0,0
30,0,0,0,0
26.66666667,0,0,0,0
33.33333333,0,0,0,0
33.33333333,0,0,0,0
34.66666667,0,0,0,0
32.33333333,0,-1,0,0
30.66666667,0,0,0,0
30,0,0,0,0
24.66666667,0,0,0,0
28.66666667,0,0,0,0
31.33333333,0,0,0,0
43,1.666666667,3,0,0
42.33333333,3.333333333,1,0,0
41,6.666666667,3,0,0
38.33333333,23.33333333,13,0,0
41.66666667,45,23,0,0
44.33333333,53.33333333,45,0,0
42.33333333,58.33333333,61,0,0
35.33333333,53.33333333,58,0,0
35.33333333,56.66666667,70,0,0
31,30,65,0,0
23.33333333,20,50,0,0
16.33333333,11.66666667,27,0,0
16,3.333333333,14,0,0
15.66666667,0,7,0,0
22.33333333,0,1,0,0
27.66666667,0,-1,0,0
36.66666667,0,-2,0,0
32,0,0,0,0
35.66666667,0,1,0,0
38,0,0,0,0
38,0,0,0,0
35,0,-1,0,0
26.33333333,0,1,0,0
20.66666667,0,0,0,0
18.66666667,0,0,0,0
25.33333333,0,0,0,0
32.66666667,0,0,0,0
34,0,0,0,0
36.66666667,0,0,0,0
40.66666667,0,0,0,0
39.33333333,0,0,0,0
37.33333333,0,0,0,0
34.66666667,0,0,0,0
31.33333333,0,0,0,0
26.66666667,1.666666667,0,0,0
28.66666667,3.333333333,2,0,0
28,6.666666667,6,0,0
30.66666667,28.33333333,14,0,0
32.66666667,50,26,0,0
39.66666667,46.66666667,41,0,0
45,64.33333333,53,0,0
38,45,58,0,0
37.33333333,53.33333333,66,0,0
28,26.66666667,58,0,0
26.33333333,20,45,0,0
19.66666667,10,23,0,0
18,5,16,0,0
19.66666667,1.666666667,7,0,0
18,0,4,0,0
22.33333333,0,1,0,0
27.33333333,0,0,0,0
32.66666667,0,0,0,0
41.66666667,0,1,0,0
45.33333333,0,0,0,0
43.66666667,0,-1,0,0
36,0,4,0,0
31.33333333,0,0,0,0
26,0,0,0,0
26,0,0,0,0
31.33333333,0,0,0,0
32,0,0,0,0
30,0,0,0,0
32.66666667,0,0,0,0
30.66666667,0,0,0,0
31.33333333,0,0,0,0
31.33333333,0,0,0,0
34,0,0,0,0
34,0,0,0,0
37.66666667,3.333333333,1,0,0
35.66666667,5,5,0,0
30.66666667,13.33333333,8,0,0
36.66666667,35,16,0,0
40.33333333,51.66666667,35,0,0
44.33333333,45,55,0,0
40.66666667,60,62,0,0
34.33333333,43.33333333,57,0,0
33.33333333,48.33333333,66,0,0
29.66666667,33.33333333,57,0,0
23.33333333,11.66666667,42,0,0
22.33333333,6.666666667,25,0,0
23,8.333333333,13,0,0
18,0,8,0,0
22.33333333,1.666666667,5,0,0
23.66666667,0,1,0,0
32,0,2,0,0
32,0,0,0,0
39.33333333,0,0,0,0
41.66666667,0,-3,0,0
43.66666667,0,1,0,0
34,0,0,0,0
31.33333333,0,0,0,0
26.33333333,0,-1,0,0
32.66666667,0,0,0,0
27,0,-1,0,0
28.66666667,0,0,0,0
24,0,0,0,0
32,0,0,0,0
34,0,0,0,0
37.33333333,0,0,0,0
30.66666667,0,0,0,0
30.66666667,0,0,0,0
28.66666667,1.666666667,0,0,0
32.33333333,1.666666667,1,0,0
30.33333333,6.666666667,5,0,0
28.66666667,26.66666667,14,0,0
25.33333333,36.66666667,24,0,0
30.66666667,43.33333333,40,0,0
34.66666667,48.33333333,54,0,0
33.33333333,45,58,0,0
31.66666667,45,59,0,0
30,48.33333333,62,0,0
27.66666667,26.66666667,57,0,0
22.66666667,13.33333333,46,0,0
15.33333333,6.666666667,24,0,0
16,5,12,0,0
14.66666667,3.333333333,8,0,0
13.66666667,1.666666667,5,0,0
20.66666667,0,2,0,0
31.66666667,0,1,0,0
36.66666667,0,0,0,0
40,0,0,0,0
36.66666667,0,0,0,0
33.33333333,0,0,0,0
31.33333333,0,0,0,0
33.33333333,0,0,0,0
32.66666667,0,0,0,0
28.66666667,0,0,0,0
23.33333333,0,0,0,0
21.33333333,0,0,0,0
22.66666667,0,0,0,0
23.33333333,0,0,0,0
26.66666667,0,0,0,0
26.66666667,0,0,0,0
27.33333333,0,0,0,0
30.66666667,0,0,0,0
36,0,0,0,0
37.66666667,5,1,0,0
41,10,5,0,0
39.33333333,26.66666667,16,0,0
41.66666667,46.66666667,31,0,0
40,43.33333333,44,0,0
36,53.33333333,54,0,0
29.66666667,38.33333333,57,0,0
28,41.66666667,58,0,0
27.66666667,36.66666667,59,0,0
24.33333333,35,49,0,0
18.66666667,6.666666667,38,0,0
17.66666667,6.666666667,25,0,0
13.33333333,10,10,0,0
16.33333333,1.666666667,9,0,0
16,0,6,0,0
23,0,1,0,0
31.33333333,0,0,0,0
39.33333333,0,0,0,0
36,0,0,0,0
37.33333333,0,0,0,0
34.66666667,0,0,0,0
35.33333333,0,0,0,0
31.33333333,0,0,0,0
29.33333333,0,0,0,0
27.33333333,0,0,0,0
26.66666667,0,0,0,0
25.33333333,0,0,0,0
27.33333333,0,0,0,0
23.66666667,0,-1,0,0
26,0,0,0,0
25,0,-3,0,0
27.66666667,0,-1,0,0
32.66666667,0,0,0,0
36.33333333,1.666666667,1,0,0
37,6.666666667,3,0,0
36,15,8,0,0
38,23.33333333,16,0,0
37,41.66666667,27,0,0
38.33333333,50,45,0,0
36.33333333,48.33333333,59,0,0
35,46.66666667,57,0,0
28.66666667,38.33333333,60,0,0
28,36.66666667,56,0,0
25.33333333,30,52,0,0
19.33333333,11.66666667,38,0,0
16,3.333333333,22,0,0
15.33333333,10,10,0,0
17.33333333,1.666666667,10,0,0
16,0,4,0,0
24.33333333,0,1,0,0
32,0,0,0,0
34.66666667,0,0,0,0
40.66666667,0,0,0,0
40,0,0,0,0
34,0,2,0,0
33.66666667,0,-1,0,0
33.33333333,0,0,0,0
34,0,0,0,0
30,0,0,0,0
25.33333333,0,0,0,0
30.66666667,0,-4,0,0
41.33333333,0,0,0,0
44.66666667,0,0,0,0
40.66666667,0,0,0,0
36.66666667,0,0,0,0
34.66666667,0,0,0,0
30.66666667,0,0,0,0
23.66666667,1.666666667,1,0,0
28.66666667,6.666666667,4,0,0
36.66666667,15,8,0,0
48.66666667,26.66666667,16,0,0
50,48.33333333,32,0,0
51.66666667,35,39,0,0
44.33333333,50,51,0,0
41.66666667,43.33333333,53,0,0
35,40,55,0,0
29,40,53,0,0
25,20,45,0,0
26,7.333333333,32,0,0
24.33333333,10,19,0,0
21.66666667,1.666666667,7,0,0
24,3.333333333,8,0,0
31.66666667,0,3,0,0
45.33333333,0,2,0,0
44,0,0,0,0
44.66666667,0,0,0,0
36.66666667,0,0,0,0
33.33333333,0,0,0,0
32,0,0,0,0
32,0,0,0,0
31.33333333,0,-4,0,0
35.33333333,0,0,0,0
32.66666667,0,0,0,0
35.33333333,0,-2,0,0
36,0,0,0,0
36,0,0,0,0
36,0,0,0,0
37.33333333,0,0,0,0
37.33333333,0,0,0,0
32.66666667,0,0,0,0
32,0,0,0,0
31,5,1,0,0
31.33333333,11.66666667,4,0,0
37.66666667,15,9,0,0
43.66666667,34.33333333,15,0,0
45,33.33333333,29,0,0
45.66666667,41.66666667,39,0,0
41.33333333,49.33333333,48,0,0
38.33333333,41.66666667,55,0,0
35.66666667,43.33333333,57,0,0
32.66666667,33.33333333,48,0,0
32,20,42,0,0
29,15,31,0,0
23.33333333,10,20,0,0
21.33333333,5,14,0,0
25,1.666666667,7,0,0
35.33333333,1.666666667,2,0,0
39.33333333,0,2,0,0
40,0,2,0,0
36.66666667,0,2,0,0
46.66666667,0,0,0,0
38.33333333,0,-1,0,0
37.33333333,0,0,0,0
30.66666667,0,0,0,0
29.33333333,0,0,0,0
26.66666667,0,0,0,0
28,0,0,0,0
31.33333333,0,0,0,0
34,0,0,0,0
41.33333333,0,0,0,0
45.66666667,0,1,0,0
41.33333333,0,0,0,0
33.33333333,0,0,0,0
31.33333333,0,0,0,0
29.66666667,1.666666667,1,0,0
19.66666667,6.666666667,1,0,0
16,10,6,0,0
19.33333333,11.66666667,10,0,0
31.66666667,41.66666667,21,0,0
35.33333333,41.66666667,34,0,0
42.33333333,41.66666667,43,0,0
38.33333333,45,47,0,0
36.66666667,35,48,0,0
32.66666667,41.66666667,52,0,0
29.66666667,36.66666667,47,0,0
26.66666667,15,38,0,0
22.66666667,11.66666667,24,0,0
19.66666667,15,15,0,0
20,3.333333333,14,0,0
18.66666667,5,12,0,0
19.66666667,0,5,0,0
20.66666667,0,2,0,0
26.66666667,0,0,0,0
38.66666667,0,0,0,0
53.33333333,0,2,0,0
43.33333333,0,0,0,0
33.66666667,0,1,0,0
28.66666667,0,0,0,0
26,0,0,0,0
25.33333333,0,0,0,0
23.33333333,0,0,0,0
22.66666667,0,0,0,0
25.33333333,0,0,0,0
22.66666667,0,0,0,0
30.66666667,0,0,0,0
32.66666667,0,0,0,0
35.33333333,0,0,0,0
39,1.666666667,1,0,0
40.66666667,1.666666667,2,0,0
27.33333333,10,4,0,0
28.66666667,13.33333333,8,0,0
27.33333333,25,14,0,0
31.66666667,42.33333333,29,0,0
31.66666667,38.33333333,39,0,0
39.33333333,48.33333333,46,0,0
37.33333333,33.33333333,46,0,0
34.66666667,38.33333333,46,0,0
26.33333333,35,47,0,0
24.33333333,35,45,0,0
19.33333333,15,36,0,0
16,10,22,0,0
16,13.33333333,18,0,0
18.66666667,3.333333333,12,0,0
23.66666667,3.333333333,11,0,0
25.66666667,0,3,0,0
29,0,1,0,0
34,0,0,0,0
34,0,0,0,0
40.66666667,0,0,0,0
35.33333333,0,0,0,0
34.66666667,0,0,0,0
30.66666667,0,0,0,0
29.33333333,0,0,0,0
22.66666667,0,0,0,0
22.66666667,0,0,0,0
23.66666667,0,1,0,0
28,0,0,0,0
30.66666667,0,0,0,0
30,0,0,0,0
34,0,0,0,0
33.33333333,0,0,0,0
32.33333333,1.666666667,1,0,0
31.33333333,1.666666667,2,0,0
35,10,3,0,0
33.66666667,16.66666667,9,0,0
34,31.66666667,22,0,0
30,38.33333333,30,0,0
32,28.33333333,38,0,0
30.66666667,38.33333333,44,0,0
27.66666667,46.66666667,49,0,0
26.66666667,38.33333333,54,0,0
27,38.33333333,55,0,0
25.33333333,28.33333333,46,0,0
21.66666667,21.66666667,37,0,0
19.33333333,8.333333333,28,0,0
18.66666667,11.66666667,20,0,0
17,3.333333333,9,0,0
22,3.333333333,10,0,0
21.33333333,0,4,0,0
28,0,0,0,0
30.66666667,0,0,0,0
38,0,0,0,0
43.33333333,0,0,0,0
43.33333333,0,0,0,0
41.33333333,0,0,0,0
38,0,0,0,0
36,0,0,0,0
35.33333333,0,0,0,0
32.66666667,0,0,0,0
32,0,0,0,0
34,0,0,0,0
34.66666667,0,0,0,0
36.66666667,0,0,0,0
36.66666667,0,0,0,0
41.66666667,1.666666667,1,0,0
37.33333333,0,0,0,0
36.66666667,3.333333333,2,0,0
36.33333333,8.333333333,5,0,0
39.33333333,25,12,0,0
43,26.66666667,25,0,0
37.33333333,40,32,0,0
35.33333333,41.66666667,38,0,0
36,35,40,0,0
39.66666667,43.33333333,49,0,0
38,26.66666667,40,0,0
37.66666667,40,41,0,0
32,35,32,0,0
33,13.33333333,39,0,0
31.66666667,11,29,0,0
25,6.666666667,15,0,0
27.33333333,5,12,0,0
25.66666667,0,7,0,0
36.33333333,0,1,0,0
40,0,0,0,0
42.66666667,0,0,0,0
34.33333333,0,-1,0,0
37.66666667,0,1,0,0
39.33333333,0,0,0,0
38.66666667,0,0,0,0
37.33333333,0,0,0,0
40.66666667,0,0,0,0
40,0,0,0,0
32,0,2,0,0
28,0,0,0,0
28,0,0,0,0
31,0,3,0,0
32,0,0,0,0
41.33333333,0,0,0,0
41.33333333,1.666666667,2,0,0
39.33333333,1.666666667,2,0,0
39.33333333,6.666666667,4,0,0
36.33333333,13.33333333,7,0,0
38,20,14,0,0
38.33333333,26.66666667,21,0,0
44.33333333,42,31,0,0
43.66666667,30,31,0,0
41,43.33333333,45,0,0
40,39,42,0,0
37.66666667,30,47,0,0
37.66666667,30,41,0,0
33.66666667,25,35,0,0
33.66666667,23.33333333,33,0,0
32,10,30,0,0
29.33333333,10,20,0,0
26.66666667,5,12,0,0
28,0,8,0,0
31.66666667,0,1,0,0
38,0,0,0,0
38.66666667,0,0,0,0
46,0,0,0,0
41.33333333,0,0,0,0
38,0,0,0,0
31.33333333,0,0,0,0
33.33333333,0,-2,0,0
36,0,-2,0,0
37.33333333,0,0,0,0
36.66666667,0,0,0,0
40.66666667,0,0,0,0
35.33333333,0,0,0,0
32.66666667,0,0,0,0
31.33333333,0,0,0,0
28.66666667,0,0,0,0
27.66666667,1.666666667,1,0,0
23.66666667,1.666666667,3,0,0
24,11.66666667,6,0,0
24.66666667,18.33333333,12,0,0
23.66666667,21.66666667,17,0,0
39.66666667,21.66666667,23,0,0
44.66666667,38.33333333,24,0,0
53,41.66666667,29,0,0
45,37.33333333,47,0,0
42.66666667,41.66666667,48,0,0
36,30,48,0,0
33.33333333,33.33333333,44,0,0
33,30,43,0,0
28.66666667,16.66666667,36,0,0
25,13.33333333,25,0,0
23,5,19,0,0
26,0,12,0,0
25.66666667,0,3,0,0
27.33333333,0,0,0,0
36,0,0,0,0
44.66666667,0,0,0,0
42.33333333,0,-3,0,0
46.66666667,0,0,0,0
39.33333333,0,0,0,0
36,0,0,0,0
32.66666667,0,0,0,0
35.33333333,0,0,0,0
36,0,0,0,0
31.33333333,0,2,0,0
28,0,0,0,0
32,0,0,0,0
32.66666667,0,0,0,0
34.66666667,0,0,0,0
31.66666667,1.666666667,1,0,0
37.66666667,1.666666667,1,0,0
37,1.666666667,1,0,0
41.33333333,20,8,0,0
43.66666667,11.66666667,11,0,0
40.66666667,25,16,0,0
39.66666667,30,19,0,0
35,25,27,0,0
39.66666667,45,37,0,0
36,36.66666667,44,0,0
38,35,46,0,0
31,36.66666667,43,0,0
34.66666667,35,48,0,0
30,25,46,0,0
27.33333333,13.33333333,34,0,0
24.33333333,15,21,0,0
27,3.333333333,11,0,0
31.66666667,1.666666667,9,0,0
28.66666667,1.666666667,4,0,0
27.33333333,0,2,0,0
32.33333333,0,1,0,0
42,0,0,0,0
41.33333333,0,0,0,0
41.33333333,0,0,0,0
39.33333333,0,0,0,0
35.33333333,0,0,0,0
33,0,-1,0,0
34,0,0,0,0
28.66666667,0,0,0,0
25.33333333,0,0,0,0
33.33333333,0,0,0,0
40,0,0,0,0
40.66666667,0,0,0,0
34,0,0,0,0
33.33333333,0,0,0,0
34,1.666666667,2,0,0
37.33333333,6.666666667,4,0,0
39.33333333,21.66666667,8,0,0
37,13.33333333,13,0,0
40,30,22,0,0
38.66666667,23.33333333,22,0,0
38,31.66666667,34,0,0
39,43.33333333,39,0,0
37.33333333,33.33333333,46,0,0
35,46.66666667,47,0,0
34,23.33333333,42,0,0
35.66666667,40,51,0,0
32.33333333,16.66666667,39,0,0
30,20,32,0,0
23,8.333333333,19,0,0
18.33333333,3.333333333,15,0,0
17.66666667,3.333333333,7,0,0
20,0,4,0,0
26,0,2,0,0
35,0,-1,0,0
39.33333333,0,2,0,0
39.33333333,0,0,0,0
35.66666667,0,1,0,0
34,0,0,0,0
32,0,0,0,0
31.33333333,0,0,0,0
32.66666667,0,0,0,0
34.66666667,0,0,0,0
36,0,0,0,0
38.66666667,0,0,0,0
36,0,0,0,0
36.66666667,0,0,0,0
34,0,0,0,0
31.33333333,3.333333333,2,0,0
29.33333333,1.666666667,2,0,0
32,10,4,0,0
41.66666667,15,7,0,0
40,21.66666667,12,0,0
34.33333333,30,19,0,0
32.66666667,18.33333333,22,0,0
34,43.33333333,30,0,0
42,33.33333333,40,0,0
49,38.33333333,47,0,0
39.33333333,35,44,0,0
35.66666667,40,41,0,0
25.33333333,25,40,0,0
22.33333333,16.66666667,35,0,0
24.33333333,18.33333333,27,0,0
26.66666667,3.333333333,18,0,0
32.33333333,8.333333333,11,0,0
33.66666667,1.666666667,5,0,0
33.33333333,0,10,0,0
36,1.666666667,2,0,0
34.66666667,0,-6,0,0
35,0,1,0,0
32.66666667,0,0,0,0
34.66666667,0,0,0,0
39,0,-1,0,0
36,0,0,0,0
32,0,0,0,0
27.33333333,0,0,0,0
30.66666667,0,0,0,0
30.66666667,0,0,0,0
33.33333333,0,0,0,0
30.66666667,0,0,0,0
40,0,0,0,0
44.66666667,1.666666667,0,0,0
41.33333333,1.666666667,2,0,0
31.33333333,3.333333333,2,0,0
29,15,9,0,0
33.66666667,16.66666667,11,0,0
34.66666667,20,14,0,0
37,18.33333333,17,0,0
37,26.66666667,23,0,0
36.33333333,33.33333333,35,0,0
38.33333333,40,45,0,0
38.33333333,40,49,0,0
35.66666667,35,47,0,0
29.66666667,31.66666667,45,0,0
27.66666667,25,41,0,0
26,23.33333333,42,0,0
29.33333333,15,30,0,0
28.33333333,5,17,0,0
30.33333333,1.666666667,5,0,0
29.33333333,1.666666667,6,0,0
30.33333333,0,3,0,0
29.66666667,3.333333333,1,0,0
40.33333333,0,1,0,0
43.66666667,0,1,0,0
36,0,0,0,0
28.66666667,0,0,0,0
34.66666667,0,0,0,0
38.66666667,0,0,0,0
34,0,0,0,0
28.66666667,0,0,0,0
0,0,0,0,1
0,0,0,0,1
2,103.3333333,6,1,1
47.66666667,170,129,1,1
70.66666667,58.33333333,138,1,1
85.33333333,5,70,1,1
68.66666667,1.666666667,22,1,1
28.33333333,0,3,1,1
7.333333333,0,2,1,1
1.666666667,0,1,1,1
4.666666667,0,0,1,1
11,0,1,1,1
19.66666667,0,1,1,1
28,0,0,1,1
40.33333333,0,1,1,1
47.66666667,0,1,1,1
47.33333333,0,2,1,1
39,0,1,1,1
33,0,1,1,1
30,0,2,1,1
25,0,1,1,1
21,0,1,1,1
23.66666667,0,1,1,1
29,0,1,1,1
33.66666667,0,1,1,1
36.33333333,0,1,1,1
35,0,1,1,1
25,0,1,1,1
23.66666667,0,1,1,1
22,0,0,1,1
26,0,0,1,1
34.66666667,0,0,0,1
42.33333333,0,1,1,1
37.66666667,0,1,1,1
37.66666667,45,11,1,1
47.66666667,130.6666667,55,1,1
60.33333333,121.6666667,123,1,1
52.66666667,31.66666667,124,1,1
29,8.333333333,71,1,1
12.33333333,0,21,1,1
5.666666667,0,5,1,1
7,0,1,1,1
10.33333333,0,1,1,1
19,0,1,1,1
30.66666667,0,0,1,1
41,0,1,1,1
40.33333333,0,1,1,1
31.66666667,0,1,1,1
33,0,1,1,1
37.33333333,0,0,1,1
39,0,1,1,1
28.33333333,0,1,1,1
25,0,1,1,1
24.33333333,0,1,1,1
29.66666667,0,1,1,1
33.33333333,0,4,1,1
32.33333333,0,1,1,1
33.33333333,0,0,1,1
27,0,1,1,1
22.33333333,0,1,1,1
11.66666667,0,1,1,1
10.66666667,0,0,1,1
14.66666667,0,0,0,1
28.33333333,0,-1,0,1
35,0,1,1,1
36.33333333,0,1,1,1
33,11.66666667,5,1,1
35.66666667,71.66666667,23,1,1
50.66666667,133.3333333,76,1,1
56.66666667,90,124,1,1
44.33333333,35,103,1,1
14,1.666666667,20,1,1
8.666666667,0,8,1,1
4.333333333,0,1,1,1
6.666666667,0,0,1,1
13.66666667,0,1,1,1
21.66666667,0,1,1,1
28.33333333,0,1,1,1
33,0,1,1,1
34.66666667,0,0,1,1
36.66666667,0,0,1,1
39.33333333,0,0,1,1
47,0,1,1,1
39,0,1,1,1
27,0,1,1,1
15.66666667,0,1,1,1
15.66666667,0,1,1,1
17.66666667,0,1,1,1
30.33333333,0,1,1,1
30.33333333,0,1,1,1
29.66666667,0,-1,1,1
24.66666667,0,0,1,1
18,0,0,0,1
20.33333333,0,1,1,1
29.66666667,0,1,1,1
39,0,-5,1,1
44.33333333,0,1,1,1
40.66666667,1.666666667,2,1,1
36,15,6,1,1
32,75,32,1,1
46.33333333,115.6666667,79,1,1
53.33333333,83.33333333,124,1,1
43.33333333,31.66666667,108,1,1
25.33333333,15,56,1,1
12.66666667,1.666666667,18,1,1
6,0,6,1,1
5.666666667,0,1,1,1
10.66666667,1.666666667,2,1,1
16.66666667,0,2,1,1
23.66666667,0,1,1,1
31.66666667,0,1,1,1
35.66666667,0,1,1,1
32,0,0,1,1
32.66666667,0,0,1,1
37.66666667,0,1,1,1
44.33333333,0,1,1,1
34.33333333,0,1,1,1
25,0,1,1,1
21.66666667,0,1,1,1
23.66666667,0,1,1,1
19,0,1,1,1
26.33333333,0,1,1,1
26.33333333,0,1,1,1
26.33333333,0,1,0,1
20.33333333,0,1,0,1
21,0,1,0,1
23,0,1,0,1
34.33333333,0,1,0,1
41.33333333,0,0,0,1
42.33333333,1.666666667,1,0,1
38.66666667,8.333333333,4,0,1
34.66666667,38.33333333,18,0,1
41.33333333,99.33333333,48,0,1
49,108.3333333,101,1,1
46,50,118,1,1
37.33333333,28.33333333,86,1,1
18.33333333,8.333333333,35,1,1
10,5,14,1,1
5,0,7,1,1
7,1.666666667,3,1,1
15.33333333,0,2,1,1
20.66666667,0,0,1,1
28.66666667,0,0,1,1
35.33333333,0,0,1,1
38.33333333,0,1,1,1
39,0,1,1,1
41.66666667,0,1,1,1
41.66666667,0,1,1,1
36.33333333,0,1,1,1
31.66666667,0,1,1,1
27.66666667,0,1,1,1
32.33333333,0,1,1,1
32.33333333,0,1,1,1
36,8.333333333,2,1,1
36,18.33333333,12,1,1
41,73.33333333,35,1,1
50,113.3333333,76,1,1
56.33333333,63.66666667,111,1,1
43.66666667,33.33333333,93,1,1
26.66666667,18.33333333,54,1,1
14,10,26,1,1
11.33333333,1.666666667,10,1,1
9.666666667,1.666666667,3,1,1
19,0,3,1,1
30,0,2,1,1
42.33333333,0,1,1,1
43,0,3,1,1
35,0,1,1,1
34.33333333,0,1,1,1
31.66666667,0,1,1,1
33.66666667,0,1,1,1
43,0,1,1,1
41,0,1,1,1
37,0,1,1,1
29,0,1,1,1
24.33333333,0,1,0,1
23,0,1,0,1
29,0,1,0,1
33.66666667,0,1,0,1
33,0,1,0,1
35.33333333,0,0,0,1
33,0,1,0,1
30.66666667,0,0,0,1
31.66666667,0,1,1,1
37,0,1,1,1
37.66666667,0,1,1,1
36.33333333,8.333333333,3,1,1
42,33.33333333,16,1,1
48.66666667,77.33333333,40,1,1
52.66666667,88.33333333,76,1,1
48.33333333,51.66666667,93,1,1
40,45,82,1,1
26,20,52,1,1
17.33333333,11.66666667,30,1,1
13,5,13,1,1
14.66666667,0,6,1,1
22,0,2,1,1
39,0,1,1,1
44.33333333,0,1,1,1
36.33333333,0,1,1,1
29,0,1,1,1
27,0,1,1,1
28.33333333,0,1,1,1
35.66666667,0,1,1,1
44.66666667,0,0,1,1
42.66666667,0,0,1,1
40,0,0,0,1
25.66666667,0,1,1,1
29,0,1,1,1
19.66666667,0,1,1,1
27.66666667,0,1,1,1
27,0,1,1,1
31.66666667,0,1,1,1
28.33333333,0,1,1,1
23.66666667,0,1,1,1
21,0,1,1,1
22.33333333,0,1,1,1
27.66666667,0,1,1,1
31.33333333,3.333333333,2,1,1
35.66666667,5,3,1,1
46.33333333,55,15,1,1
52.66666667,75,44,1,1
61.66666667,76.66666667,77,1,1
52.33333333,56.66666667,81,1,1
36.66666667,38.33333333,68,1,1
23.66666667,20,49,1,1
14.66666667,8.333333333,26,1,1
14.33333333,3.333333333,13,1,1
18,1.666666667,8,1,1
28.33333333,0,3,1,1
36.33333333,0,1,1,1
40.33333333,0,1,1,1
36.33333333,0,1,1,1
39,0,3,1,1
37.66666667,0,1,1,1
37,0,1,1,1
32.66666667,0,0,1,1
29.33333333,0,0,0,1
34.66666667,0,0,0,1
35,0,1,1,1
33,0,1,1,1
27,0,1,1,1
27.66666667,0,1,1,1
27.66666667,0,1,1,1
31,0,1,1,1
33.66666667,0,1,1,1
40.33333333,0,1,1,1
42,0,0,1,1
39.33333333,0,0,1,1
28.66666667,0,0,1,1
29.33333333,0,2,1,1
29,6.666666667,3,1,1
32,18.33333333,6,1,1
36.66666667,59,26,1,1
50.66666667,70,52,1,1
55.33333333,63.33333333,76,1,1
46.33333333,41.66666667,73,1,1
31.66666667,41.66666667,55,1,1
26.33333333,20,45,1,1
26.33333333,15,27,1,1
21,3.333333333,13,1,1
27.66666667,0,9,1,1
30,0,2,1,1
35.66666667,0,1,1,1
37.66666667,0,1,1,1
36.33333333,0,1,1,1
33.66666667,0,1,1,1
36.33333333,0,1,1,1
34,0,0,0,1
31.66666667,0,1,1,1
32.33333333,0,1,1,1
37,0,1,1,1
38.33333333,0,1,1,1
33,0,1,1,1
30.33333333,0,1,1,1
27.66666667,0,1,1,1
29,0,1,1,1
35,0,1,1,1
43.66666667,0,1,1,1
43,0,1,1,1
37.66666667,0,1,1,1
29,0,1,1,1
27.66666667,0,1,1,1
31.33333333,3.333333333,2,1,1
32.66666667,1.666666667,4,1,1
40,35,14,1,1
45.33333333,55,36,1,1
54.33333333,75,59,1,1
54.66666667,60,74,1,1
49,46.66666667,75,1,1
34,36.66666667,58,1,1
23.66666667,16.66666667,37,1,1
18.66666667,11.66666667,24,1,1
18,3.333333333,12,1,1
13.33333333,1.666666667,8,1,1
10.66666667,0,2,1,1
11.33333333,0,0,1,1
17,0,1,1,1
27,0,1,1,1
38.33333333,0,1,0,1
37.66666667,0,1,0,1
39,0,1,0,1
39,0,1,0,1
35.66666667,0,5,0,1
28.66666667,0,0,0,1
26.66666667,0,0,0,1
27.33333333,0,0,1,1
27.66666667,0,1,1,1
28.33333333,0,1,1,1
27,0,1,1,1
29.66666667,0,1,1,1
26.33333333,0,1,1,1
25,0,1,1,1
24.33333333,0,1,1,1
32.33333333,0,1,1,1
38.33333333,0,1,1,1
48.66666667,1.666666667,2,1,1
40.66666667,13.33333333,6,1,1
34.33333333,35,21,1,1
35,60,43,1,1
42.66666667,73.33333333,64,1,1
45.33333333,55,80,1,1
38.33333333,41.66666667,73,1,1
32.66666667,35,60,1,1
19.66666667,16.66666667,35,1,1
14.66666667,3.333333333,24,1,1
13,6.666666667,13,1,1
16.66666667,0,6,1,1
21.66666667,0,3,1,1
25,0,1,1,1
27,0,1,0,1
29,0,1,0,1
37,0,1,0,1
38.66666667,0,2,0,1
35.66666667,0,1,0,1
38.33333333,0,1,0,1
40.66666667,0,0,0,1
34.66666667,0,0,0,1
22,0,0,0,1
22.33333333,0,1,1,1
21.66666667,0,1,1,1
22.33333333,0,1,1,1
27,0,1,1,1
35.66666667,0,1,1,1
30.33333333,0,1,1,1
30,0,2,1,1
32.33333333,0,1,1,1
31.66666667,0,1,1,1
33.66666667,0,1,1,1
34.66666667,1.666666667,2,1,1
45.33333333,23.33333333,8,1,1
47,43.33333333,25,1,1
41.33333333,53.33333333,46,1,1
38.33333333,68.33333333,63,1,1
38.33333333,50,67,1,1
36.66666667,43.33333333,74,1,1
31.33333333,30,58,1,1
24,15,40,1,1
18,5,20,1,1
18,3.333333333,14,1,1
17.33333333,1.666666667,6,0,1
20.33333333,0,3,0,1
23.66666667,0,1,0,1
27.33333333,0,0,0,1
33.33333333,0,0,0,1
36.33333333,0,1,1,1
33,0,1,1,1
40.33333333,0,1,1,1
41.66666667,0,1,1,1
35.66666667,0,1,1,1
27.33333333,0,2,1,1
21.66666667,0,1,1,1
18.33333333,0,1,1,1
23,0,1,1,1
24.33333333,0,1,1,1
23.33333333,0,4,1,1
17.66666667,0,1,1,1
19.66666667,0,1,1,1
25,0,1,1,1
28.33333333,0,1,1,1
33,0,1,1,1
35.66666667,1.666666667,1,1,1
36,6.666666667,2,1,1
37.66666667,28.33333333,15,1,1
34,38.33333333,30,1,1
37.66666667,66.66666667,47,1,1
39.66666667,55,69,1,1
40.66666667,51.66666667,70,1,1
36,41.66666667,68,1,1
26,25,52,1,1
16.66666667,8.333333333,36,1,1
11.66666667,6.666666667,19,0,1
10,3.333333333,10,0,1
12.66666667,1.666666667,6,0,1
17,0,3,0,1
28.66666667,0,2,1,1
38.33333333,0,1,1,1
39.66666667,0,1,1,1
37.66666667,0,1,1,1
35.66666667,0,1,1,1
35,0,1,1,1
32.33333333,0,1,1,1
23,0,-1,1,1
22,0,0,1,1
27.33333333,0,0,1,1
26.66666667,0,0,1,1
28.33333333,0,1,1,1
22.33333333,0,-1,1,1
24.33333333,0,1,1,1
27.66666667,0,1,1,1
30.33333333,0,1,1,1
33.66666667,0,1,1,1
36.33333333,0,1,1,1
41,0,1,1,1
35.66666667,0,1,1,1
30.33333333,18.33333333,7,1,1
30.33333333,35,23,1,1
31.33333333,55,42,1,1
33.33333333,60.66666667,60,1,1
37.33333333,43.33333333,66,1,1
38.33333333,63.33333333,73,1,1
29.33333333,28.33333333,58,1,1
24.33333333,16.66666667,51,0,1
13.33333333,13.33333333,24,0,1
15,3.333333333,17,1,1
15,5,11,1,1
17,0,5,1,1
18.33333333,1.666666667,5,1,1
27.33333333,0,2,1,1
36.33333333,0,1,1,1
38.33333333,0,1,1,1
39.66666667,0,1,1,1
39,0,1,1,1
32.33333333,0,1,1,1
27.66666667,0,1,1,1
24.33333333,0,1,1,1
25.66666667,0,1,1,1
21.66666667,0,1,1,1
20,0,0,1,1
24,0,0,1,1
27.66666667,0,1,1,1
29,0,1,1,1
33,0,1,1,1
31,0,1,1,1
36,0,0,1,1
35.33333333,0,2,1,1
31.66666667,0,1,1,1
28.66666667,8.333333333,4,1,1
31.33333333,16.66666667,12,1,1
33.66666667,43.33333333,31,1,1
35,50,51,1,1
37,52.66666667,61,1,1
35,38.33333333,61,1,1
31,62.33333333,69,0,1
28.33333333,25,61,0,1
22.33333333,21.66666667,45,0,1
15.66666667,8.333333333,25,1,1
9.666666667,3.333333333,17,1,1
7.666666667,3.333333333,9,1,1
9.666666667,1.666666667,5,1,1
22,0,4,1,1
26.33333333,0,1,1,1
37.66666667,0,1,1,1
45,0,1,1,1
46.33333333,0,1,1,1
39,0,1,1,1
33.66666667,0,-1,1,1
26.33333333,0,1,1,1
25.66666667,0,1,1,1
21.66666667,0,1,1,1
17,0,1,1,1
17,0,1,1,1
24.33333333,0,1,1,1
31,0,1,1,1
34.33333333,0,1,1,1
36,0,-2,1,1
37.66666667,0,1,1,1
31.66666667,0,1,1,1
30.33333333,0,1,1,1
30.33333333,0,1,1,1
32.33333333,13.33333333,5,1,1
28.66666667,21.66666667,16,1,1
34.66666667,46.66666667,28,1,1
38.33333333,50,41,1,1
26.66666667,0,2,1,1
32.33333333,0,1,1,1
39,0,1,1,1
42.33333333,0,1,1,1
41.66666667,0,1,1,1
32.33333333,0,3,1,1
25,0,1,1,1
23.66666667,0,1,1,1
0,0,0,0,1
0,0,0,0,1
1.333333333,59,4,1,1
45,209.6666667,129,1,1
76,46.66666667,136,1,1
89.66666667,8.333333333,71,1,1
70.66666667,5,16,1,1
27,0,7,1,1
5.666666667,0,3,1,1
3.333333333,0,0,1,1
2,0,2,1,1
0.666666667,0,2,1,1
4.666666667,0,2,1,1
11.33333333,0,2,1,1
19.33333333,0,2,1,1
22,0,2,1,1
41.33333333,0,2,1,1
56,0,2,1,1
64,0,-4,1,1
50.66666667,0,0,1,1
25.33333333,0,0,1,1
9.333333333,0,2,1,1
12,0,2,1,1
16,0,2,1,1
20,0,2,1,1
23.33333333,0,2,1,1
28.66666667,0,2,1,1
32,0,2,1,1
38.66666667,0,2,1,1
38,0,0,1,1
32.66666667,0,0,1,1
30,0,2,1,1
31.66666667,0,3,1,1
33.33333333,1.666666667,2,1,1
34,58.33333333,22,1,1
43.66666667,158.3333333,81,1,1
54.66666667,75,134,1,1
41.33333333,30,120,1,1
18,18.33333333,54,1,1
9,0,23,1,1
5,0,7,1,1
3.333333333,0,0,1,1
4,0,2,1,1
7,0,1,1,1
18,0,2,1,1
45.33333333,0,2,1,1
62,0,2,1,1
58,0,2,1,1
42,0,2,1,1
32.66666667,0,2,1,1
19.33333333,0,0,1,1
14,0,0,1,1
12.66666667,0,0,1,1
13.66666667,0,1,1,1
20.66666667,0,2,1,1
31.33333333,0,2,1,1
37.33333333,0,2,1,1
36.66666667,0,2,1,1
32.66666667,0,2,1,1
29.33333333,0,2,1,1
29.33333333,0,0,1,1
53.33333333,61.66666667,110,1,1
38.33333333,28.33333333,87,1,1
21.33333333,13.33333333,46,1,1
10.66666667,3.333333333,22,1,1
7,0,9,1,1
8,0,4,1,1
10,0,2,1,1
18,0,2,1,1
24.33333333,0,1,1,1
45.33333333,0,2,1,1
48,0,2,1,1
50,0,2,1,1
35.33333333,0,2,1,1
31.33333333,0,2,1,1
0,355,0,0,1
0,20,0,0,1
47.33333333,271.6666667,142,0,1
78.33333333,30,135,0,1
84,5,72,1,1
67.66666667,0,9,1,1
22.33333333,0,3,1,1
3.666666667,0,1,1,1
4.333333333,0,1,1,1
13,0,1,1,1
25.33333333,0,2,1,1
32.33333333,0,1,1,1
31.66666667,0,1,1,1
21.33333333,0,0,1,1
24.66666667,0,0,1,1
43.66666667,0,1,1,1
51.66666667,0,1,1,1
51.66666667,0,1,1,1
37.33333333,0,0,1,1
35.66666667,0,1,1,1
28.33333333,0,1,1,1
19.66666667,0,1,1,1
13,0,1,1,1
9.666666667,0,1,1,1
18.33333333,0,1,1,1
24.33333333,0,1,1,1
36.33333333,0,1,1,1
48.33333333,0,1,1,1
55.66666667,0,1,1,1
38.33333333,0,1,1,1
29,0,1,1,1
26.33333333,0,1,1,1
33,0,1,0,1
29.66666667,29.33333333,5,0,1
56,221.6666667,88,1,1
62.66666667,66.66666667,142,1,1
52.33333333,15,127,1,1
16.66666667,5,38,1,1
6.666666667,0,8,1,1
9,0,3,1,1
10.33333333,0,1,1,1
21,0,-3,1,1
28.66666667,0,0,1,1
30,0,0,1,1
25,0,1,1,1
31.66666667,0,1,1,1
43.66666667,0,1,1,1
53.33333333,0,-4,1,1
53,0,1,1,1
43.66666667,0,1,1,1
29.66666667,0,1,1,1
27,0,1,1,1
16,0,0,1,1
8,0,0,1,1
4,0,0,1,1
7.666666667,0,1,1,1
13.66666667,0,1,1,1
23,0,1,1,1
44.33333333,0,1,1,1
54.33333333,0,1,1,1
51,0,1,1,1
35.66666667,0,1,1,1
26.33333333,0,1,0,1
17,0,1,1,1
15,0,1,1,1
16,13.33333333,2,1,1
41.66666667,159,67,1,1
59.66666667,116.6666667,125,1,1
57,36.66666667,131,1,1
26,10,60,1,1
9.333333333,1.666666667,16,1,1
4.666666667,0,4,1,1
4.333333333,0,1,1,1
5.333333333,0,0,1,1
11,0,1,1,1
31.66666667,0,1,1,1
37.66666667,0,1,1,1
52.33333333,0,1,1,1
49,0,1,1,1
45,0,1,1,1
31.66666667,0,1,1,1
21.66666667,0,1,1,1
15,0,1,1,1
16.33333333,0,1,1,1
27.66666667,0,1,1,1
35,0,1,1,1
29,0,1,1,1
18,0,-2,1,1
21.66666667,0,1,1,1
27.66666667,0,1,1,1
36.66666667,0,0,1,1
27.33333333,0,0,1,1
37,0,1,1,1
41.66666667,0,1,0,1
45,0,1,0,1
31,0,1,0,1
23,0,1,0,1
16,15,6,1,1
32.66666667,136.6666667,60,1,1
47,110,119,1,1
51.33333333,51.66666667,134,1,1
27.66666667,15,69,1,1
13,5,27,1,1
7.333333333,0,10,1,1
6,0,4,1,1
4.666666667,0,0,1,1
15.33333333,0,0,1,1
30.66666667,0,0,1,1
45.66666667,0,1,1,1
39,0,1,1,1
43,0,1,1,1
39.66666667,0,1,1,1
35,0,1,1,1
23,0,1,1,1
17.66666667,0,1,1,1
28.33333333,0,1,1,1
31.66666667,0,1,1,1
30.33333333,0,1,1,1
26.33333333,0,1,1,1
18.33333333,0,1,1,1
17,0,1,1,1
26.33333333,0,1,1,1
35,0,1,1,1
42.66666667,0,0,0,1
44.33333333,0,1,0,1
44.33333333,0,1,0,1
39.66666667,0,1,0,1
23.66666667,0,1,0,1
20.33333333,0,1,0,1
19.33333333,38.33333333,12,1,1
30,131.6666667,64,1,1
51.66666667,101.6666667,123,1,1
51,43.33333333,119,1,1
27,11.66666667,59,1,1
10,6.333333333,20,1,1
8.666666667,0,12,1,1
15.66666667,0,3,1,1
31.66666667,0,1,1,1
39,0,1,1,1
40.33333333,0,1,1,1
43,0,1,1,1
42,0,0,1,1
34,0,0,1,1
38.66666667,0,0,1,1
41.66666667,0,1,1,1
45,0,1,1,1
40.33333333,0,1,1,1
30.33333333,0,1,1,1
27.66666667,0,1,1,1
31,0,1,1,1
43,0,-5,1,1
54.33333333,0,1,1,1
49.66666667,0,1,0,1
37,0,1,0,1
29.66666667,0,1,0,1
24.33333333,0,1,0,1
25,0,1,0,1
39,0,1,1,1
53,0,1,1,1
44.33333333,0,1,1,1
45.66666667,31.66666667,7,1,1
44.66666667,101.6666667,42,1,1
56.33333333,110,97,1,1
55,63.33333333,111,1,1
39.66666667,18.33333333,75,1,1
16.66666667,10,30,1,1
10.33333333,1.666666667,13,1,1
17.66666667,1.666666667,7,1,1
34.33333333,0,3,1,1
46.33333333,0,1,1,1
49,0,1,1,1
41,0,1,1,1
27.66666667,0,1,1,1
31,0,1,1,1
37.66666667,0,1,1,1
52.33333333,0,1,1,1
51,0,1,1,1
39,0,1,1,1
30.66666667,0,0,1,1
21.33333333,0,0,1,1
26.66666667,0,0,1,1
35.66666667,0,1,1,1
47,0,1,1,1
38.33333333,18.33333333,7,1,1
35,95,41,1,1
49.66666667,98.33333333,97,1,1
55.33333333,75,116,1,1
41.66666667,25,85,1,1
24,18.33333333,48,1,1
11,1.666666667,21,1,1
14.66666667,1.666666667,8,1,1